date,premise_code,item_code,price,premise,address,premise_type,state,district,item,unit,item_group,item_category
2023-10-02,351,119,4.3,TESCO KOTA BHARU,"LOT 1828,SEKSYEN 17,KOTA BHARU",Hypermarket,Kelantan,Kota Bharu,TELUR AYAM GRED B (BERAT 60.0 GM HINGGA 64.9 GM),10 biji,BARANGAN SEGAR,TELUR
2023-10-02,351,120,4.1,TESCO KOTA BHARU,"LOT 1828,SEKSYEN 17,KOTA BHARU",Hypermarket,Kelantan,Kota Bharu,TELUR AYAM GRED C (BERAT 55.0 GM HINGGA 59.9 GM SEBIJI),10 biji,BARANGAN SEGAR,TELUR
2023-10-22,351,118,4.5,TESCO KOTA BHARU,"LOT 1828,SEKSYEN 17,KOTA BHARU",Hypermarket,Kelantan,Kota Bharu,TELUR AYAM GRED A (BERAT 65.0 GM HINGGA 69.9 GM SEBIJI),10 biji,BARANGAN SEGAR,TELUR
2023-10-22,351,119,4.3,TESCO KOTA BHARU,"LOT 1828,SEKSYEN 17,KOTA BHARU",Hypermarket,Kelantan,Kota Bharu,TELUR AYAM GRED B (BERAT 60.0 GM HINGGA 64.9 GM),10 biji,BARANGAN SEGAR,TELUR
2023-10-23,18552,119,4.3,PANTAI TIMUR MART K.BADAK,"MINI MART @ KG BADAK,BACHOK LOT 2791, KG BELUKAR BADAK,MUKIM MELAWI,DAERAH BACHOK,",Pasar Mini,Kelantan,Bachok,TELUR AYAM GRED B (BERAT 60.0 GM HINGGA 64.9 GM),10 biji,BARANGAN SEGAR,TELUR
2023-10-26,439,120,4.1,PASARAYA ECONJAYA PASIR PUTEH,"BANDAR PASIR PUTEH,PASIR PUTEH,",Pasar Raya / Supermarket,Kelantan,Pasir Puteh,TELUR AYAM GRED C (BERAT 55.0 GM HINGGA 59.9 GM SEBIJI),10 biji,BARANGAN SEGAR,TELUR
2023-11-01,351,118,4.5,TESCO KOTA BHARU,"LOT 1828,SEKSYEN 17,KOTA BHARU",Hypermarket,Kelantan,Kota Bharu,TELUR AYAM GRED A (BERAT 65.0 GM HINGGA 69.9 GM SEBIJI),10 biji,BARANGAN SEGAR,TELUR
2023-11-01,351,119,4.3,TESCO KOTA BHARU,"LOT 1828,SEKSYEN 17,KOTA BHARU",Hypermarket,Kelantan,Kota Bharu,TELUR AYAM GRED B (BERAT 60.0 GM HINGGA 64.9 GM),10 biji,BARANGAN SEGAR,TELUR
2023-11-01,351,120,4.1,TESCO KOTA BHARU,"LOT 1828,SEKSYEN 17,KOTA BHARU",Hypermarket,Kelantan,Kota Bharu,TELUR AYAM GRED C (BERAT 55.0 GM HINGGA 59.9 GM SEBIJI),10 biji,BARANGAN SEGAR,TELUR
2023-11-02,351,118,4.5,TESCO KOTA BHARU,"LOT 1828,SEKSYEN 17,KOTA BHARU",Hypermarket,Kelantan,Kota Bharu,TELUR AYAM GRED A (BERAT 65.0 GM HINGGA 69.9 GM SEBIJI),10 biji,BARANGAN SEGAR,TELUR
2023-11-02,351,119,4.3,TESCO KOTA BHARU,"LOT 1828,SEKSYEN 17,KOTA BHARU",Hypermarket,Kelantan,Kota Bharu,TELUR AYAM GRED B (BERAT 60.0 GM HINGGA 64.9 GM),10 biji,BARANGAN SEGAR,TELUR
2023-11-02,351,120,4.1,TESCO KOTA BHARU,"LOT 1828,SEKSYEN 17,KOTA BHARU",Hypermarket,Kelantan,Kota Bharu,TELUR AYAM GRED C (BERAT 55.0 GM HINGGA 59.9 GM SEBIJI),10 biji,BARANGAN SEGAR,TELUR
2023-11-03,351,120,4.1,TESCO KOTA BHARU,"LOT 1828,SEKSYEN 17,KOTA BHARU",Hypermarket,Kelantan,Kota Bharu,TELUR AYAM GRED C (BERAT 55.0 GM HINGGA 59.9 GM SEBIJI),10 biji,BARANGAN SEGAR,TELUR
2023-11-04,351,120,4.1,TESCO KOTA BHARU,"LOT 1828,SEKSYEN 17,KOTA BHARU",Hypermarket,Kelantan,Kota Bharu,TELUR AYAM GRED C (BERAT 55.0 GM HINGGA 59.9 GM SEBIJI),10 biji,BARANGAN SEGAR,TELUR
2023-11-09,17802,119,4.3,TL MART SDN BHD,"LOT 1697 MUKIM PAYA MENGKUANG,DAERAH PERUPOK, BACHOK,",Pasar Mini,Kelantan,Bachok,TELUR AYAM GRED B (BERAT 60.0 GM HINGGA 64.9 GM),10 biji,BARANGAN SEGAR,TELUR
2023-11-20,351,119,4.3,TESCO KOTA BHARU,"LOT 1828,SEKSYEN 17,KOTA BHARU",Hypermarket,Kelantan,Kota Bharu,TELUR AYAM GRED B (BERAT 60.0 GM HINGGA 64.9 GM),10 biji,BARANGAN SEGAR,TELUR
2023-11-20,351,120,4.1,TESCO KOTA BHARU,"LOT 1828,SEKSYEN 17,KOTA BHARU",Hypermarket,Kelantan,Kota Bharu,TELUR AYAM GRED C (BERAT 55.0 GM HINGGA 59.9 GM SEBIJI),10 biji,BARANGAN SEGAR,TELUR
2023-11-20,17802,119,4.3,TL MART SDN BHD,"LOT 1697 MUKIM PAYA MENGKUANG,DAERAH PERUPOK, BACHOK,",Pasar Mini,Kelantan,Bachok,TELUR AYAM GRED B (BERAT 60.0 GM HINGGA 64.9 GM),10 biji,BARANGAN SEGAR,TELUR
2023-11-21,351,119,4.3,TESCO KOTA BHARU,"LOT 1828,SEKSYEN 17,KOTA BHARU",Hypermarket,Kelantan,Kota Bharu,TELUR AYAM GRED B (BERAT 60.0 GM HINGGA 64.9 GM),10 biji,BARANGAN SEGAR,TELUR
2023-11-21,351,120,4.1,TESCO KOTA BHARU,"LOT 1828,SEKSYEN 17,KOTA BHARU",Hypermarket,Kelantan,Kota Bharu,TELUR AYAM GRED C (BERAT 55.0 GM HINGGA 59.9 GM SEBIJI),10 biji,BARANGAN SEGAR,TELUR
2023-12-04,598,119,4.3,SYARIKAT PERNIAGAAN MESRA,"514 ,JALAN DATO' NIK MUSTAFA,TANAH MERAH KELANTAN",Pasar Mini,Kelantan,Tanah Merah,TELUR AYAM GRED B (BERAT 60.0 GM HINGGA 64.9 GM),10 biji,BARANGAN SEGAR,TELUR
2023-12-04,16267,120,12.3,WOK ISA MINI MARKET,"LOT 11,KAMPUNG STONG, DABONG,",Kedai Runcit,Kelantan,Dabong,TELUR AYAM GRED C (BERAT 55.0 GM HINGGA 59.9 GM SEBIJI),10 biji,BARANGAN SEGAR,TELUR
2023-12-05,351,120,4.1,TESCO KOTA BHARU,"LOT 1828,SEKSYEN 17,KOTA BHARU",Hypermarket,Kelantan,Kota Bharu,TELUR AYAM GRED C (BERAT 55.0 GM HINGGA 59.9 GM SEBIJI),10 biji,BARANGAN SEGAR,TELUR
2023-12-11,598,119,4.3,SYARIKAT PERNIAGAAN MESRA,"514 ,JALAN DATO' NIK MUSTAFA,TANAH MERAH KELANTAN",Pasar Mini,Kelantan,Tanah Merah,TELUR AYAM GRED B (BERAT 60.0 GM HINGGA 64.9 GM),10 biji,BARANGAN SEGAR,TELUR
2023-12-17,15192,119,4.3,PASARAYA PKT SDN BHD,"PT 5462-PT 5468,BANDAR BARU KUALA KRAI- GUA MUSANG,",Pasar Raya / Supermarket,Kelantan,Kuala Krai,TELUR AYAM GRED B (BERAT 60.0 GM HINGGA 64.9 GM),10 biji,BARANGAN SEGAR,TELUR
2023-12-18,15192,119,4.3,PASARAYA PKT SDN BHD,"PT 5462-PT 5468,BANDAR BARU KUALA KRAI- GUA MUSANG,",Pasar Raya / Supermarket,Kelantan,Kuala Krai,TELUR AYAM GRED B (BERAT 60.0 GM HINGGA 64.9 GM),10 biji,BARANGAN SEGAR,TELUR
2023-12-19,15192,119,4.3,PASARAYA PKT SDN BHD,"PT 5462-PT 5468,BANDAR BARU KUALA KRAI- GUA MUSANG,",Pasar Raya / Supermarket,Kelantan,Kuala Krai,TELUR AYAM GRED B (BERAT 60.0 GM HINGGA 64.9 GM),10 biji,BARANGAN SEGAR,TELUR
2023-12-20,15192,119,4.3,PASARAYA PKT SDN BHD,"PT 5462-PT 5468,BANDAR BARU KUALA KRAI- GUA MUSANG,",Pasar Raya / Supermarket,Kelantan,Kuala Krai,TELUR AYAM GRED B (BERAT 60.0 GM HINGGA 64.9 GM),10 biji,BARANGAN SEGAR,TELUR
2023-12-21,598,119,4.3,SYARIKAT PERNIAGAAN MESRA,"514 ,JALAN DATO' NIK MUSTAFA,TANAH MERAH KELANTAN",Pasar Mini,Kelantan,Tanah Merah,TELUR AYAM GRED B (BERAT 60.0 GM HINGGA 64.9 GM),10 biji,BARANGAN SEGAR,TELUR
2023-12-21,15192,119,4.3,PASARAYA PKT SDN BHD,"PT 5462-PT 5468,BANDAR BARU KUALA KRAI- GUA MUSANG,",Pasar Raya / Supermarket,Kelantan,Kuala Krai,TELUR AYAM GRED B (BERAT 60.0 GM HINGGA 64.9 GM),10 biji,BARANGAN SEGAR,TELUR
2023-12-22,15192,119,4.3,PASARAYA PKT SDN BHD,"PT 5462-PT 5468,BANDAR BARU KUALA KRAI- GUA MUSANG,",Pasar Raya / Supermarket,Kelantan,Kuala Krai,TELUR AYAM GRED B (BERAT 60.0 GM HINGGA 64.9 GM),10 biji,BARANGAN SEGAR,TELUR
2023-12-23,15192,119,4.3,PASARAYA PKT SDN BHD,"PT 5462-PT 5468,BANDAR BARU KUALA KRAI- GUA MUSANG,",Pasar Raya / Supermarket,Kelantan,Kuala Krai,TELUR AYAM GRED B (BERAT 60.0 GM HINGGA 64.9 GM),10 biji,BARANGAN SEGAR,TELUR
2023-12-24,351,119,4.3,TESCO KOTA BHARU,"LOT 1828,SEKSYEN 17,KOTA BHARU",Hypermarket,Kelantan,Kota Bharu,TELUR AYAM GRED B (BERAT 60.0 GM HINGGA 64.9 GM),10 biji,BARANGAN SEGAR,TELUR
2023-12-24,351,120,4.1,TESCO KOTA BHARU,"LOT 1828,SEKSYEN 17,KOTA BHARU",Hypermarket,Kelantan,Kota Bharu,TELUR AYAM GRED C (BERAT 55.0 GM HINGGA 59.9 GM SEBIJI),10 biji,BARANGAN SEGAR,TELUR
2023-12-24,15192,119,4.3,PASARAYA PKT SDN BHD,"PT 5462-PT 5468,BANDAR BARU KUALA KRAI- GUA MUSANG,",Pasar Raya / Supermarket,Kelantan,Kuala Krai,TELUR AYAM GRED B (BERAT 60.0 GM HINGGA 64.9 GM),10 biji,BARANGAN SEGAR,TELUR
2023-12-26,351,119,4.3,TESCO KOTA BHARU,"LOT 1828,SEKSYEN 17,KOTA BHARU",Hypermarket,Kelantan,Kota Bharu,TELUR AYAM GRED B (BERAT 60.0 GM HINGGA 64.9 GM),10 biji,BARANGAN SEGAR,TELUR
2023-12-26,351,120,4.1,TESCO KOTA BHARU,"LOT 1828,SEKSYEN 17,KOTA BHARU",Hypermarket,Kelantan,Kota Bharu,TELUR AYAM GRED C (BERAT 55.0 GM HINGGA 59.9 GM SEBIJI),10 biji,BARANGAN SEGAR,TELUR
2023-12-26,15192,119,4.3,PASARAYA PKT SDN BHD,"PT 5462-PT 5468,BANDAR BARU KUALA KRAI- GUA MUSANG,",Pasar Raya / Supermarket,Kelantan,Kuala Krai,TELUR AYAM GRED B (BERAT 60.0 GM HINGGA 64.9 GM),10 biji,BARANGAN SEGAR,TELUR
2023-12-27,15192,119,4.3,PASARAYA PKT SDN BHD,"PT 5462-PT 5468,BANDAR BARU KUALA KRAI- GUA MUSANG,",Pasar Raya / Supermarket,Kelantan,Kuala Krai,TELUR AYAM GRED B (BERAT 60.0 GM HINGGA 64.9 GM),10 biji,BARANGAN SEGAR,TELUR
2023-12-28,15192,119,4.3,PASARAYA PKT SDN BHD,"PT 5462-PT 5468,BANDAR BARU KUALA KRAI- GUA MUSANG,",Pasar Raya / Supermarket,Kelantan,Kuala Krai,TELUR AYAM GRED B (BERAT 60.0 GM HINGGA 64.9 GM),10 biji,BARANGAN SEGAR,TELUR
2023-12-29,15192,119,4.3,PASARAYA PKT SDN BHD,"PT 5462-PT 5468,BANDAR BARU KUALA KRAI- GUA MUSANG,",Pasar Raya / Supermarket,Kelantan,Kuala Krai,TELUR AYAM GRED B (BERAT 60.0 GM HINGGA 64.9 GM),10 biji,BARANGAN SEGAR,TELUR
2023-12-30,15192,119,4.3,PASARAYA PKT SDN BHD,"PT 5462-PT 5468,BANDAR BARU KUALA KRAI- GUA MUSANG,",Pasar Raya / Supermarket,Kelantan,Kuala Krai,TELUR AYAM GRED B (BERAT 60.0 GM HINGGA 64.9 GM),10 biji,BARANGAN SEGAR,TELUR
2023-12-31,351,119,4.3,TESCO KOTA BHARU,"LOT 1828,SEKSYEN 17,KOTA BHARU",Hypermarket,Kelantan,Kota Bharu,TELUR AYAM GRED B (BERAT 60.0 GM HINGGA 64.9 GM),10 biji,BARANGAN SEGAR,TELUR
2023-12-31,351,120,4.1,TESCO KOTA BHARU,"LOT 1828,SEKSYEN 17,KOTA BHARU",Hypermarket,Kelantan,Kota Bharu,TELUR AYAM GRED C (BERAT 55.0 GM HINGGA 59.9 GM SEBIJI),10 biji,BARANGAN SEGAR,TELUR
2023-12-31,15192,119,4.3,PASARAYA PKT SDN BHD,"PT 5462-PT 5468,BANDAR BARU KUALA KRAI- GUA MUSANG,",Pasar Raya / Supermarket,Kelantan,Kuala Krai,TELUR AYAM GRED B (BERAT 60.0 GM HINGGA 64.9 GM),10 biji,BARANGAN SEGAR,TELUR
2024-01-01,598,119,4.3,SYARIKAT PERNIAGAAN MESRA,"514 ,JALAN DATO' NIK MUSTAFA,TANAH MERAH KELANTAN",Pasar Mini,Kelantan,Tanah Merah,TELUR AYAM GRED B (BERAT 60.0 GM HINGGA 64.9 GM),10 biji,BARANGAN SEGAR,TELUR
2024-01-01,15192,119,4.3,PASARAYA PKT SDN BHD,"PT 5462-PT 5468,BANDAR BARU KUALA KRAI- GUA MUSANG,",Pasar Raya / Supermarket,Kelantan,Kuala Krai,TELUR AYAM GRED B (BERAT 60.0 GM HINGGA 64.9 GM),10 biji,BARANGAN SEGAR,TELUR
2024-01-02,15192,119,4.3,PASARAYA PKT SDN BHD,"PT 5462-PT 5468,BANDAR BARU KUALA KRAI- GUA MUSANG,",Pasar Raya / Supermarket,Kelantan,Kuala Krai,TELUR AYAM GRED B (BERAT 60.0 GM HINGGA 64.9 GM),10 biji,BARANGAN SEGAR,TELUR
2024-01-03,15192,119,4.3,PASARAYA PKT SDN BHD,"PT 5462-PT 5468,BANDAR BARU KUALA KRAI- GUA MUSANG,",Pasar Raya / Supermarket,Kelantan,Kuala Krai,TELUR AYAM GRED B (BERAT 60.0 GM HINGGA 64.9 GM),10 biji,BARANGAN SEGAR,TELUR
2024-01-04,15192,119,4.3,PASARAYA PKT SDN BHD,"PT 5462-PT 5468,BANDAR BARU KUALA KRAI- GUA MUSANG,",Pasar Raya / Supermarket,Kelantan,Kuala Krai,TELUR AYAM GRED B (BERAT 60.0 GM HINGGA 64.9 GM),10 biji,BARANGAN SEGAR,TELUR
2024-01-05,15192,119,4.3,PASARAYA PKT SDN BHD,"PT 5462-PT 5468,BANDAR BARU KUALA KRAI- GUA MUSANG,",Pasar Raya / Supermarket,Kelantan,Kuala Krai,TELUR AYAM GRED B (BERAT 60.0 GM HINGGA 64.9 GM),10 biji,BARANGAN SEGAR,TELUR
2024-01-06,15192,119,4.3,PASARAYA PKT SDN BHD,"PT 5462-PT 5468,BANDAR BARU KUALA KRAI- GUA MUSANG,",Pasar Raya / Supermarket,Kelantan,Kuala Krai,TELUR AYAM GRED B (BERAT 60.0 GM HINGGA 64.9 GM),10 biji,BARANGAN SEGAR,TELUR
2024-01-07,15192,119,4.3,PASARAYA PKT SDN BHD,"PT 5462-PT 5468,BANDAR BARU KUALA KRAI- GUA MUSANG,",Pasar Raya / Supermarket,Kelantan,Kuala Krai,TELUR AYAM GRED B (BERAT 60.0 GM HINGGA 64.9 GM),10 biji,BARANGAN SEGAR,TELUR
2024-01-08,598,119,4.3,SYARIKAT PERNIAGAAN MESRA,"514 ,JALAN DATO' NIK MUSTAFA,TANAH MERAH KELANTAN",Pasar Mini,Kelantan,Tanah Merah,TELUR AYAM GRED B (BERAT 60.0 GM HINGGA 64.9 GM),10 biji,BARANGAN SEGAR,TELUR
2024-01-08,15192,119,4.3,PASARAYA PKT SDN BHD,"PT 5462-PT 5468,BANDAR BARU KUALA KRAI- GUA MUSANG,",Pasar Raya / Supermarket,Kelantan,Kuala Krai,TELUR AYAM GRED B (BERAT 60.0 GM HINGGA 64.9 GM),10 biji,BARANGAN SEGAR,TELUR
2024-01-10,382,119,4.3,PASARAYA PKT PASIR TUMBOH,"G6582,LOT 11,KEDAI PASIR TUMBOH,",Pasar Raya / Supermarket,Kelantan,Kota Bharu,TELUR AYAM GRED B (BERAT 60.0 GM HINGGA 64.9 GM),10 biji,BARANGAN SEGAR,TELUR
2024-01-12,382,119,4.3,PASARAYA PKT PASIR TUMBOH,"G6582,LOT 11,KEDAI PASIR TUMBOH,",Pasar Raya / Supermarket,Kelantan,Kota Bharu,TELUR AYAM GRED B (BERAT 60.0 GM HINGGA 64.9 GM),10 biji,BARANGAN SEGAR,TELUR
2024-01-13,382,119,4.3,PASARAYA PKT PASIR TUMBOH,"G6582,LOT 11,KEDAI PASIR TUMBOH,",Pasar Raya / Supermarket,Kelantan,Kota Bharu,TELUR AYAM GRED B (BERAT 60.0 GM HINGGA 64.9 GM),10 biji,BARANGAN SEGAR,TELUR
2024-01-14,382,119,4.3,PASARAYA PKT PASIR TUMBOH,"G6582,LOT 11,KEDAI PASIR TUMBOH,",Pasar Raya / Supermarket,Kelantan,Kota Bharu,TELUR AYAM GRED B (BERAT 60.0 GM HINGGA 64.9 GM),10 biji,BARANGAN SEGAR,TELUR
2024-01-15,598,119,4.3,SYARIKAT PERNIAGAAN MESRA,"514 ,JALAN DATO' NIK MUSTAFA,TANAH MERAH KELANTAN",Pasar Mini,Kelantan,Tanah Merah,TELUR AYAM GRED B (BERAT 60.0 GM HINGGA 64.9 GM),10 biji,BARANGAN SEGAR,TELUR
2024-01-17,382,119,4.3,PASARAYA PKT PASIR TUMBOH,"G6582,LOT 11,KEDAI PASIR TUMBOH,",Pasar Raya / Supermarket,Kelantan,Kota Bharu,TELUR AYAM GRED B (BERAT 60.0 GM HINGGA 64.9 GM),10 biji,BARANGAN SEGAR,TELUR
2024-01-20,351,119,4.3,TESCO KOTA BHARU,"LOT 1828,SEKSYEN 17,KOTA BHARU",Hypermarket,Kelantan,Kota Bharu,TELUR AYAM GRED B (BERAT 60.0 GM HINGGA 64.9 GM),10 biji,BARANGAN SEGAR,TELUR
2024-01-21,351,119,4.3,TESCO KOTA BHARU,"LOT 1828,SEKSYEN 17,KOTA BHARU",Hypermarket,Kelantan,Kota Bharu,TELUR AYAM GRED B (BERAT 60.0 GM HINGGA 64.9 GM),10 biji,BARANGAN SEGAR,TELUR
2024-01-22,351,119,4.3,TESCO KOTA BHARU,"LOT 1828,SEKSYEN 17,KOTA BHARU",Hypermarket,Kelantan,Kota Bharu,TELUR AYAM GRED B (BERAT 60.0 GM HINGGA 64.9 GM),10 biji,BARANGAN SEGAR,TELUR
2024-01-22,598,119,4.3,SYARIKAT PERNIAGAAN MESRA,"514 ,JALAN DATO' NIK MUSTAFA,TANAH MERAH KELANTAN",Pasar Mini,Kelantan,Tanah Merah,TELUR AYAM GRED B (BERAT 60.0 GM HINGGA 64.9 GM),10 biji,BARANGAN SEGAR,TELUR
2024-01-29,598,119,4.3,SYARIKAT PERNIAGAAN MESRA,"514 ,JALAN DATO' NIK MUSTAFA,TANAH MERAH KELANTAN",Pasar Mini,Kelantan,Tanah Merah,TELUR AYAM GRED B (BERAT 60.0 GM HINGGA 64.9 GM),10 biji,BARANGAN SEGAR,TELUR
2024-02-05,351,119,4.3,TESCO KOTA BHARU,"LOT 1828,SEKSYEN 17,KOTA BHARU",Hypermarket,Kelantan,Kota Bharu,TELUR AYAM GRED B (BERAT 60.0 GM HINGGA 64.9 GM),10 biji,BARANGAN SEGAR,TELUR
2024-02-05,351,120,4.1,TESCO KOTA BHARU,"LOT 1828,SEKSYEN 17,KOTA BHARU",Hypermarket,Kelantan,Kota Bharu,TELUR AYAM GRED C (BERAT 55.0 GM HINGGA 59.9 GM SEBIJI),10 biji,BARANGAN SEGAR,TELUR
2024-02-05,598,119,4.3,SYARIKAT PERNIAGAAN MESRA,"514 ,JALAN DATO' NIK MUSTAFA,TANAH MERAH KELANTAN",Pasar Mini,Kelantan,Tanah Merah,TELUR AYAM GRED B (BERAT 60.0 GM HINGGA 64.9 GM),10 biji,BARANGAN SEGAR,TELUR
2024-02-05,17802,119,4.3,TL MART SDN BHD,"LOT 1697 MUKIM PAYA MENGKUANG,DAERAH PERUPOK, BACHOK,",Pasar Mini,Kelantan,Bachok,TELUR AYAM GRED B (BERAT 60.0 GM HINGGA 64.9 GM),10 biji,BARANGAN SEGAR,TELUR
2024-02-06,351,119,4.3,TESCO KOTA BHARU,"LOT 1828,SEKSYEN 17,KOTA BHARU",Hypermarket,Kelantan,Kota Bharu,TELUR AYAM GRED B (BERAT 60.0 GM HINGGA 64.9 GM),10 biji,BARANGAN SEGAR,TELUR
2024-02-06,351,120,4.1,TESCO KOTA BHARU,"LOT 1828,SEKSYEN 17,KOTA BHARU",Hypermarket,Kelantan,Kota Bharu,TELUR AYAM GRED C (BERAT 55.0 GM HINGGA 59.9 GM SEBIJI),10 biji,BARANGAN SEGAR,TELUR
2024-02-07,351,119,4.3,TESCO KOTA BHARU,"LOT 1828,SEKSYEN 17,KOTA BHARU",Hypermarket,Kelantan,Kota Bharu,TELUR AYAM GRED B (BERAT 60.0 GM HINGGA 64.9 GM),10 biji,BARANGAN SEGAR,TELUR
2024-02-07,351,120,4.1,TESCO KOTA BHARU,"LOT 1828,SEKSYEN 17,KOTA BHARU",Hypermarket,Kelantan,Kota Bharu,TELUR AYAM GRED C (BERAT 55.0 GM HINGGA 59.9 GM SEBIJI),10 biji,BARANGAN SEGAR,TELUR
2024-02-08,351,119,4.3,TESCO KOTA BHARU,"LOT 1828,SEKSYEN 17,KOTA BHARU",Hypermarket,Kelantan,Kota Bharu,TELUR AYAM GRED B (BERAT 60.0 GM HINGGA 64.9 GM),10 biji,BARANGAN SEGAR,TELUR
2024-02-08,351,120,4.1,TESCO KOTA BHARU,"LOT 1828,SEKSYEN 17,KOTA BHARU",Hypermarket,Kelantan,Kota Bharu,TELUR AYAM GRED C (BERAT 55.0 GM HINGGA 59.9 GM SEBIJI),10 biji,BARANGAN SEGAR,TELUR
2024-02-09,351,119,4.3,TESCO KOTA BHARU,"LOT 1828,SEKSYEN 17,KOTA BHARU",Hypermarket,Kelantan,Kota Bharu,TELUR AYAM GRED B (BERAT 60.0 GM HINGGA 64.9 GM),10 biji,BARANGAN SEGAR,TELUR
2024-02-09,351,120,4.1,TESCO KOTA BHARU,"LOT 1828,SEKSYEN 17,KOTA BHARU",Hypermarket,Kelantan,Kota Bharu,TELUR AYAM GRED C (BERAT 55.0 GM HINGGA 59.9 GM SEBIJI),10 biji,BARANGAN SEGAR,TELUR
2024-02-13,598,119,4.3,SYARIKAT PERNIAGAAN MESRA,"514 ,JALAN DATO' NIK MUSTAFA,TANAH MERAH KELANTAN",Pasar Mini,Kelantan,Tanah Merah,TELUR AYAM GRED B (BERAT 60.0 GM HINGGA 64.9 GM),10 biji,BARANGAN SEGAR,TELUR
2024-02-13,17802,119,4.3,TL MART SDN BHD,"LOT 1697 MUKIM PAYA MENGKUANG,DAERAH PERUPOK, BACHOK,",Pasar Mini,Kelantan,Bachok,TELUR AYAM GRED B (BERAT 60.0 GM HINGGA 64.9 GM),10 biji,BARANGAN SEGAR,TELUR
2024-02-18,351,118,4.5,TESCO KOTA BHARU,"LOT 1828,SEKSYEN 17,KOTA BHARU",Hypermarket,Kelantan,Kota Bharu,TELUR AYAM GRED A (BERAT 65.0 GM HINGGA 69.9 GM SEBIJI),10 biji,BARANGAN SEGAR,TELUR
2024-02-18,351,119,4.3,TESCO KOTA BHARU,"LOT 1828,SEKSYEN 17,KOTA BHARU",Hypermarket,Kelantan,Kota Bharu,TELUR AYAM GRED B (BERAT 60.0 GM HINGGA 64.9 GM),10 biji,BARANGAN SEGAR,TELUR
2024-02-18,351,120,4.1,TESCO KOTA BHARU,"LOT 1828,SEKSYEN 17,KOTA BHARU",Hypermarket,Kelantan,Kota Bharu,TELUR AYAM GRED C (BERAT 55.0 GM HINGGA 59.9 GM SEBIJI),10 biji,BARANGAN SEGAR,TELUR
2024-02-19,351,119,4.3,TESCO KOTA BHARU,"LOT 1828,SEKSYEN 17,KOTA BHARU",Hypermarket,Kelantan,Kota Bharu,TELUR AYAM GRED B (BERAT 60.0 GM HINGGA 64.9 GM),10 biji,BARANGAN SEGAR,TELUR
2024-02-19,351,120,4.1,TESCO KOTA BHARU,"LOT 1828,SEKSYEN 17,KOTA BHARU",Hypermarket,Kelantan,Kota Bharu,TELUR AYAM GRED C (BERAT 55.0 GM HINGGA 59.9 GM SEBIJI),10 biji,BARANGAN SEGAR,TELUR
2024-02-19,17802,119,4.3,TL MART SDN BHD,"LOT 1697 MUKIM PAYA MENGKUANG,DAERAH PERUPOK, BACHOK,",Pasar Mini,Kelantan,Bachok,TELUR AYAM GRED B (BERAT 60.0 GM HINGGA 64.9 GM),10 biji,BARANGAN SEGAR,TELUR
2024-02-20,351,119,4.3,TESCO KOTA BHARU,"LOT 1828,SEKSYEN 17,KOTA BHARU",Hypermarket,Kelantan,Kota Bharu,TELUR AYAM GRED B (BERAT 60.0 GM HINGGA 64.9 GM),10 biji,BARANGAN SEGAR,TELUR
2024-02-20,351,120,4.1,TESCO KOTA BHARU,"LOT 1828,SEKSYEN 17,KOTA BHARU",Hypermarket,Kelantan,Kota Bharu,TELUR AYAM GRED C (BERAT 55.0 GM HINGGA 59.9 GM SEBIJI),10 biji,BARANGAN SEGAR,TELUR
2024-02-21,15192,119,4.3,PASARAYA PKT SDN BHD,"PT 5462-PT 5468,BANDAR BARU KUALA KRAI- GUA MUSANG,",Pasar Raya / Supermarket,Kelantan,Kuala Krai,TELUR AYAM GRED B (BERAT 60.0 GM HINGGA 64.9 GM),10 biji,BARANGAN SEGAR,TELUR
2024-02-22,15192,119,4.3,PASARAYA PKT SDN BHD,"PT 5462-PT 5468,BANDAR BARU KUALA KRAI- GUA MUSANG,",Pasar Raya / Supermarket,Kelantan,Kuala Krai,TELUR AYAM GRED B (BERAT 60.0 GM HINGGA 64.9 GM),10 biji,BARANGAN SEGAR,TELUR
2024-02-23,15192,119,4.3,PASARAYA PKT SDN BHD,"PT 5462-PT 5468,BANDAR BARU KUALA KRAI- GUA MUSANG,",Pasar Raya / Supermarket,Kelantan,Kuala Krai,TELUR AYAM GRED B (BERAT 60.0 GM HINGGA 64.9 GM),10 biji,BARANGAN SEGAR,TELUR
2024-02-24,351,119,4.3,TESCO KOTA BHARU,"LOT 1828,SEKSYEN 17,KOTA BHARU",Hypermarket,Kelantan,Kota Bharu,TELUR AYAM GRED B (BERAT 60.0 GM HINGGA 64.9 GM),10 biji,BARANGAN SEGAR,TELUR
2024-02-24,351,120,4.1,TESCO KOTA BHARU,"LOT 1828,SEKSYEN 17,KOTA BHARU",Hypermarket,Kelantan,Kota Bharu,TELUR AYAM GRED C (BERAT 55.0 GM HINGGA 59.9 GM SEBIJI),10 biji,BARANGAN SEGAR,TELUR
2024-02-24,15192,119,4.3,PASARAYA PKT SDN BHD,"PT 5462-PT 5468,BANDAR BARU KUALA KRAI- GUA MUSANG,",Pasar Raya / Supermarket,Kelantan,Kuala Krai,TELUR AYAM GRED B (BERAT 60.0 GM HINGGA 64.9 GM),10 biji,BARANGAN SEGAR,TELUR
2024-02-25,351,118,4.5,TESCO KOTA BHARU,"LOT 1828,SEKSYEN 17,KOTA BHARU",Hypermarket,Kelantan,Kota Bharu,TELUR AYAM GRED A (BERAT 65.0 GM HINGGA 69.9 GM SEBIJI),10 biji,BARANGAN SEGAR,TELUR
2024-02-25,351,119,4.3,TESCO KOTA BHARU,"LOT 1828,SEKSYEN 17,KOTA BHARU",Hypermarket,Kelantan,Kota Bharu,TELUR AYAM GRED B (BERAT 60.0 GM HINGGA 64.9 GM),10 biji,BARANGAN SEGAR,TELUR
2024-02-25,351,120,4.1,TESCO KOTA BHARU,"LOT 1828,SEKSYEN 17,KOTA BHARU",Hypermarket,Kelantan,Kota Bharu,TELUR AYAM GRED C (BERAT 55.0 GM HINGGA 59.9 GM SEBIJI),10 biji,BARANGAN SEGAR,TELUR
2024-02-25,15192,119,4.3,PASARAYA PKT SDN BHD,"PT 5462-PT 5468,BANDAR BARU KUALA KRAI- GUA MUSANG,",Pasar Raya / Supermarket,Kelantan,Kuala Krai,TELUR AYAM GRED B (BERAT 60.0 GM HINGGA 64.9 GM),10 biji,BARANGAN SEGAR,TELUR
2024-02-26,351,119,4.3,TESCO KOTA BHARU,"LOT 1828,SEKSYEN 17,KOTA BHARU",Hypermarket,Kelantan,Kota Bharu,TELUR AYAM GRED B (BERAT 60.0 GM HINGGA 64.9 GM),10 biji,BARANGAN SEGAR,TELUR
2024-02-26,15192,119,4.3,PASARAYA PKT SDN BHD,"PT 5462-PT 5468,BANDAR BARU KUALA KRAI- GUA MUSANG,",Pasar Raya / Supermarket,Kelantan,Kuala Krai,TELUR AYAM GRED B (BERAT 60.0 GM HINGGA 64.9 GM),10 biji,BARANGAN SEGAR,TELUR
2024-02-26,17802,119,4.3,TL MART SDN BHD,"LOT 1697 MUKIM PAYA MENGKUANG,DAERAH PERUPOK, BACHOK,",Pasar Mini,Kelantan,Bachok,TELUR AYAM GRED B (BERAT 60.0 GM HINGGA 64.9 GM),10 biji,BARANGAN SEGAR,TELUR
2024-02-27,351,119,4.3,TESCO KOTA BHARU,"LOT 1828,SEKSYEN 17,KOTA BHARU",Hypermarket,Kelantan,Kota Bharu,TELUR AYAM GRED B (BERAT 60.0 GM HINGGA 64.9 GM),10 biji,BARANGAN SEGAR,TELUR
2024-02-27,351,120,4.1,TESCO KOTA BHARU,"LOT 1828,SEKSYEN 17,KOTA BHARU",Hypermarket,Kelantan,Kota Bharu,TELUR AYAM GRED C (BERAT 55.0 GM HINGGA 59.9 GM SEBIJI),10 biji,BARANGAN SEGAR,TELUR
2024-02-27,15192,119,4.3,PASARAYA PKT SDN BHD,"PT 5462-PT 5468,BANDAR BARU KUALA KRAI- GUA MUSANG,",Pasar Raya / Supermarket,Kelantan,Kuala Krai,TELUR AYAM GRED B (BERAT 60.0 GM HINGGA 64.9 GM),10 biji,BARANGAN SEGAR,TELUR
2024-02-28,351,119,4.3,TESCO KOTA BHARU,"LOT 1828,SEKSYEN 17,KOTA BHARU",Hypermarket,Kelantan,Kota Bharu,TELUR AYAM GRED B (BERAT 60.0 GM HINGGA 64.9 GM),10 biji,BARANGAN SEGAR,TELUR
2024-02-28,15192,119,4.3,PASARAYA PKT SDN BHD,"PT 5462-PT 5468,BANDAR BARU KUALA KRAI- GUA MUSANG,",Pasar Raya / Supermarket,Kelantan,Kuala Krai,TELUR AYAM GRED B (BERAT 60.0 GM HINGGA 64.9 GM),10 biji,BARANGAN SEGAR,TELUR
2024-02-29,15192,119,4.3,PASARAYA PKT SDN BHD,"PT 5462-PT 5468,BANDAR BARU KUALA KRAI- GUA MUSANG,",Pasar Raya / Supermarket,Kelantan,Kuala Krai,TELUR AYAM GRED B (BERAT 60.0 GM HINGGA 64.9 GM),10 biji,BARANGAN SEGAR,TELUR
2024-03-04,351,118,4.5,TESCO KOTA BHARU,"LOT 1828,SEKSYEN 17,KOTA BHARU",Hypermarket,Kelantan,Kota Bharu,TELUR AYAM GRED A (BERAT 65.0 GM HINGGA 69.9 GM SEBIJI),10 biji,BARANGAN SEGAR,TELUR
2024-03-04,351,119,4.3,TESCO KOTA BHARU,"LOT 1828,SEKSYEN 17,KOTA BHARU",Hypermarket,Kelantan,Kota Bharu,TELUR AYAM GRED B (BERAT 60.0 GM HINGGA 64.9 GM),10 biji,BARANGAN SEGAR,TELUR
2024-03-04,351,120,4.1,TESCO KOTA BHARU,"LOT 1828,SEKSYEN 17,KOTA BHARU",Hypermarket,Kelantan,Kota Bharu,TELUR AYAM GRED C (BERAT 55.0 GM HINGGA 59.9 GM SEBIJI),10 biji,BARANGAN SEGAR,TELUR
2024-03-04,15192,119,4.3,PASARAYA PKT SDN BHD,"PT 5462-PT 5468,BANDAR BARU KUALA KRAI- GUA MUSANG,",Pasar Raya / Supermarket,Kelantan,Kuala Krai,TELUR AYAM GRED B (BERAT 60.0 GM HINGGA 64.9 GM),10 biji,BARANGAN SEGAR,TELUR
2024-03-05,351,119,4.3,TESCO KOTA BHARU,"LOT 1828,SEKSYEN 17,KOTA BHARU",Hypermarket,Kelantan,Kota Bharu,TELUR AYAM GRED B (BERAT 60.0 GM HINGGA 64.9 GM),10 biji,BARANGAN SEGAR,TELUR
2024-03-05,15192,119,4.3,PASARAYA PKT SDN BHD,"PT 5462-PT 5468,BANDAR BARU KUALA KRAI- GUA MUSANG,",Pasar Raya / Supermarket,Kelantan,Kuala Krai,TELUR AYAM GRED B (BERAT 60.0 GM HINGGA 64.9 GM),10 biji,BARANGAN SEGAR,TELUR
2024-03-06,351,119,4.3,TESCO KOTA BHARU,"LOT 1828,SEKSYEN 17,KOTA BHARU",Hypermarket,Kelantan,Kota Bharu,TELUR AYAM GRED B (BERAT 60.0 GM HINGGA 64.9 GM),10 biji,BARANGAN SEGAR,TELUR
2024-03-06,351,120,4.1,TESCO KOTA BHARU,"LOT 1828,SEKSYEN 17,KOTA BHARU",Hypermarket,Kelantan,Kota Bharu,TELUR AYAM GRED C (BERAT 55.0 GM HINGGA 59.9 GM SEBIJI),10 biji,BARANGAN SEGAR,TELUR
2024-03-06,15192,119,4.3,PASARAYA PKT SDN BHD,"PT 5462-PT 5468,BANDAR BARU KUALA KRAI- GUA MUSANG,",Pasar Raya / Supermarket,Kelantan,Kuala Krai,TELUR AYAM GRED B (BERAT 60.0 GM HINGGA 64.9 GM),10 biji,BARANGAN SEGAR,TELUR
2024-03-07,351,119,4.3,TESCO KOTA BHARU,"LOT 1828,SEKSYEN 17,KOTA BHARU",Hypermarket,Kelantan,Kota Bharu,TELUR AYAM GRED B (BERAT 60.0 GM HINGGA 64.9 GM),10 biji,BARANGAN SEGAR,TELUR
2024-03-07,351,120,4.1,TESCO KOTA BHARU,"LOT 1828,SEKSYEN 17,KOTA BHARU",Hypermarket,Kelantan,Kota Bharu,TELUR AYAM GRED C (BERAT 55.0 GM HINGGA 59.9 GM SEBIJI),10 biji,BARANGAN SEGAR,TELUR
2024-03-07,15192,119,4.3,PASARAYA PKT SDN BHD,"PT 5462-PT 5468,BANDAR BARU KUALA KRAI- GUA MUSANG,",Pasar Raya / Supermarket,Kelantan,Kuala Krai,TELUR AYAM GRED B (BERAT 60.0 GM HINGGA 64.9 GM),10 biji,BARANGAN SEGAR,TELUR
2024-03-08,351,119,4.3,TESCO KOTA BHARU,"LOT 1828,SEKSYEN 17,KOTA BHARU",Hypermarket,Kelantan,Kota Bharu,TELUR AYAM GRED B (BERAT 60.0 GM HINGGA 64.9 GM),10 biji,BARANGAN SEGAR,TELUR
2024-03-08,351,120,4.1,TESCO KOTA BHARU,"LOT 1828,SEKSYEN 17,KOTA BHARU",Hypermarket,Kelantan,Kota Bharu,TELUR AYAM GRED C (BERAT 55.0 GM HINGGA 59.9 GM SEBIJI),10 biji,BARANGAN SEGAR,TELUR
2024-03-08,15192,119,4.3,PASARAYA PKT SDN BHD,"PT 5462-PT 5468,BANDAR BARU KUALA KRAI- GUA MUSANG,",Pasar Raya / Supermarket,Kelantan,Kuala Krai,TELUR AYAM GRED B (BERAT 60.0 GM HINGGA 64.9 GM),10 biji,BARANGAN SEGAR,TELUR
2024-03-09,351,118,4.5,TESCO KOTA BHARU,"LOT 1828,SEKSYEN 17,KOTA BHARU",Hypermarket,Kelantan,Kota Bharu,TELUR AYAM GRED A (BERAT 65.0 GM HINGGA 69.9 GM SEBIJI),10 biji,BARANGAN SEGAR,TELUR
2024-03-09,351,119,4.3,TESCO KOTA BHARU,"LOT 1828,SEKSYEN 17,KOTA BHARU",Hypermarket,Kelantan,Kota Bharu,TELUR AYAM GRED B (BERAT 60.0 GM HINGGA 64.9 GM),10 biji,BARANGAN SEGAR,TELUR
2024-03-09,351,120,4.1,TESCO KOTA BHARU,"LOT 1828,SEKSYEN 17,KOTA BHARU",Hypermarket,Kelantan,Kota Bharu,TELUR AYAM GRED C (BERAT 55.0 GM HINGGA 59.9 GM SEBIJI),10 biji,BARANGAN SEGAR,TELUR
2024-03-09,15192,119,4.3,PASARAYA PKT SDN BHD,"PT 5462-PT 5468,BANDAR BARU KUALA KRAI- GUA MUSANG,",Pasar Raya / Supermarket,Kelantan,Kuala Krai,TELUR AYAM GRED B (BERAT 60.0 GM HINGGA 64.9 GM),10 biji,BARANGAN SEGAR,TELUR
2024-03-10,351,119,4.3,TESCO KOTA BHARU,"LOT 1828,SEKSYEN 17,KOTA BHARU",Hypermarket,Kelantan,Kota Bharu,TELUR AYAM GRED B (BERAT 60.0 GM HINGGA 64.9 GM),10 biji,BARANGAN SEGAR,TELUR
2024-03-10,351,120,4.1,TESCO KOTA BHARU,"LOT 1828,SEKSYEN 17,KOTA BHARU",Hypermarket,Kelantan,Kota Bharu,TELUR AYAM GRED C (BERAT 55.0 GM HINGGA 59.9 GM SEBIJI),10 biji,BARANGAN SEGAR,TELUR
2024-03-10,15192,119,4.3,PASARAYA PKT SDN BHD,"PT 5462-PT 5468,BANDAR BARU KUALA KRAI- GUA MUSANG,",Pasar Raya / Supermarket,Kelantan,Kuala Krai,TELUR AYAM GRED B (BERAT 60.0 GM HINGGA 64.9 GM),10 biji,BARANGAN SEGAR,TELUR
2024-03-11,351,119,4.3,TESCO KOTA BHARU,"LOT 1828,SEKSYEN 17,KOTA BHARU",Hypermarket,Kelantan,Kota Bharu,TELUR AYAM GRED B (BERAT 60.0 GM HINGGA 64.9 GM),10 biji,BARANGAN SEGAR,TELUR
2024-03-11,15192,119,4.3,PASARAYA PKT SDN BHD,"PT 5462-PT 5468,BANDAR BARU KUALA KRAI- GUA MUSANG,",Pasar Raya / Supermarket,Kelantan,Kuala Krai,TELUR AYAM GRED B (BERAT 60.0 GM HINGGA 64.9 GM),10 biji,BARANGAN SEGAR,TELUR
2024-03-11,17802,119,4.3,TL MART SDN BHD,"LOT 1697 MUKIM PAYA MENGKUANG,DAERAH PERUPOK, BACHOK,",Pasar Mini,Kelantan,Bachok,TELUR AYAM GRED B (BERAT 60.0 GM HINGGA 64.9 GM),10 biji,BARANGAN SEGAR,TELUR
2024-03-12,351,119,4.3,TESCO KOTA BHARU,"LOT 1828,SEKSYEN 17,KOTA BHARU",Hypermarket,Kelantan,Kota Bharu,TELUR AYAM GRED B (BERAT 60.0 GM HINGGA 64.9 GM),10 biji,BARANGAN SEGAR,TELUR
2024-03-15,351,120,4.1,TESCO KOTA BHARU,"LOT 1828,SEKSYEN 17,KOTA BHARU",Hypermarket,Kelantan,Kota Bharu,TELUR AYAM GRED C (BERAT 55.0 GM HINGGA 59.9 GM SEBIJI),10 biji,BARANGAN SEGAR,TELUR
2024-03-17,351,120,4.1,TESCO KOTA BHARU,"LOT 1828,SEKSYEN 17,KOTA BHARU",Hypermarket,Kelantan,Kota Bharu,TELUR AYAM GRED C (BERAT 55.0 GM HINGGA 59.9 GM SEBIJI),10 biji,BARANGAN SEGAR,TELUR
2024-03-18,351,118,4.5,TESCO KOTA BHARU,"LOT 1828,SEKSYEN 17,KOTA BHARU",Hypermarket,Kelantan,Kota Bharu,TELUR AYAM GRED A (BERAT 65.0 GM HINGGA 69.9 GM SEBIJI),10 biji,BARANGAN SEGAR,TELUR
2024-03-18,17802,119,4.3,TL MART SDN BHD,"LOT 1697 MUKIM PAYA MENGKUANG,DAERAH PERUPOK, BACHOK,",Pasar Mini,Kelantan,Bachok,TELUR AYAM GRED B (BERAT 60.0 GM HINGGA 64.9 GM),10 biji,BARANGAN SEGAR,TELUR
2024-03-19,351,119,4.5,TESCO KOTA BHARU,"LOT 1828,SEKSYEN 17,KOTA BHARU",Hypermarket,Kelantan,Kota Bharu,TELUR AYAM GRED B (BERAT 60.0 GM HINGGA 64.9 GM),10 biji,BARANGAN SEGAR,TELUR
2024-03-19,351,120,4.1,TESCO KOTA BHARU,"LOT 1828,SEKSYEN 17,KOTA BHARU",Hypermarket,Kelantan,Kota Bharu,TELUR AYAM GRED C (BERAT 55.0 GM HINGGA 59.9 GM SEBIJI),10 biji,BARANGAN SEGAR,TELUR
2024-03-20,351,119,4.3,TESCO KOTA BHARU,"LOT 1828,SEKSYEN 17,KOTA BHARU",Hypermarket,Kelantan,Kota Bharu,TELUR AYAM GRED B (BERAT 60.0 GM HINGGA 64.9 GM),10 biji,BARANGAN SEGAR,TELUR
2024-03-20,351,120,4.1,TESCO KOTA BHARU,"LOT 1828,SEKSYEN 17,KOTA BHARU",Hypermarket,Kelantan,Kota Bharu,TELUR AYAM GRED C (BERAT 55.0 GM HINGGA 59.9 GM SEBIJI),10 biji,BARANGAN SEGAR,TELUR
2024-03-21,351,119,4.3,TESCO KOTA BHARU,"LOT 1828,SEKSYEN 17,KOTA BHARU",Hypermarket,Kelantan,Kota Bharu,TELUR AYAM GRED B (BERAT 60.0 GM HINGGA 64.9 GM),10 biji,BARANGAN SEGAR,TELUR
2024-03-21,351,120,4.1,TESCO KOTA BHARU,"LOT 1828,SEKSYEN 17,KOTA BHARU",Hypermarket,Kelantan,Kota Bharu,TELUR AYAM GRED C (BERAT 55.0 GM HINGGA 59.9 GM SEBIJI),10 biji,BARANGAN SEGAR,TELUR
2024-03-22,351,119,4.3,TESCO KOTA BHARU,"LOT 1828,SEKSYEN 17,KOTA BHARU",Hypermarket,Kelantan,Kota Bharu,TELUR AYAM GRED B (BERAT 60.0 GM HINGGA 64.9 GM),10 biji,BARANGAN SEGAR,TELUR
2024-03-22,351,120,4.1,TESCO KOTA BHARU,"LOT 1828,SEKSYEN 17,KOTA BHARU",Hypermarket,Kelantan,Kota Bharu,TELUR AYAM GRED C (BERAT 55.0 GM HINGGA 59.9 GM SEBIJI),10 biji,BARANGAN SEGAR,TELUR
2024-03-23,351,119,4.3,TESCO KOTA BHARU,"LOT 1828,SEKSYEN 17,KOTA BHARU",Hypermarket,Kelantan,Kota Bharu,TELUR AYAM GRED B (BERAT 60.0 GM HINGGA 64.9 GM),10 biji,BARANGAN SEGAR,TELUR
2024-03-23,351,120,4.1,TESCO KOTA BHARU,"LOT 1828,SEKSYEN 17,KOTA BHARU",Hypermarket,Kelantan,Kota Bharu,TELUR AYAM GRED C (BERAT 55.0 GM HINGGA 59.9 GM SEBIJI),10 biji,BARANGAN SEGAR,TELUR
2024-03-23,480,118,4.5,PASARAYA PANTAI TIMUR (BACHOK) SDN. BHD,"LOT 2076, MUKIM TEPUS,GUNUNG TIMUR,",Pasar Raya / Supermarket,Kelantan,Bachok,TELUR AYAM GRED A (BERAT 65.0 GM HINGGA 69.9 GM SEBIJI),10 biji,BARANGAN SEGAR,TELUR
2024-03-24,351,119,4.3,TESCO KOTA BHARU,"LOT 1828,SEKSYEN 17,KOTA BHARU",Hypermarket,Kelantan,Kota Bharu,TELUR AYAM GRED B (BERAT 60.0 GM HINGGA 64.9 GM),10 biji,BARANGAN SEGAR,TELUR
2024-03-24,351,120,4.1,TESCO KOTA BHARU,"LOT 1828,SEKSYEN 17,KOTA BHARU",Hypermarket,Kelantan,Kota Bharu,TELUR AYAM GRED C (BERAT 55.0 GM HINGGA 59.9 GM SEBIJI),10 biji,BARANGAN SEGAR,TELUR
2024-03-25,351,119,4.3,TESCO KOTA BHARU,"LOT 1828,SEKSYEN 17,KOTA BHARU",Hypermarket,Kelantan,Kota Bharu,TELUR AYAM GRED B (BERAT 60.0 GM HINGGA 64.9 GM),10 biji,BARANGAN SEGAR,TELUR
2024-03-25,351,120,4.1,TESCO KOTA BHARU,"LOT 1828,SEKSYEN 17,KOTA BHARU",Hypermarket,Kelantan,Kota Bharu,TELUR AYAM GRED C (BERAT 55.0 GM HINGGA 59.9 GM SEBIJI),10 biji,BARANGAN SEGAR,TELUR
2024-03-25,15192,119,4.3,PASARAYA PKT SDN BHD,"PT 5462-PT 5468,BANDAR BARU KUALA KRAI- GUA MUSANG,",Pasar Raya / Supermarket,Kelantan,Kuala Krai,TELUR AYAM GRED B (BERAT 60.0 GM HINGGA 64.9 GM),10 biji,BARANGAN SEGAR,TELUR
2024-03-25,17802,119,4.3,TL MART SDN BHD,"LOT 1697 MUKIM PAYA MENGKUANG,DAERAH PERUPOK, BACHOK,",Pasar Mini,Kelantan,Bachok,TELUR AYAM GRED B (BERAT 60.0 GM HINGGA 64.9 GM),10 biji,BARANGAN SEGAR,TELUR
2024-03-26,351,118,4.5,TESCO KOTA BHARU,"LOT 1828,SEKSYEN 17,KOTA BHARU",Hypermarket,Kelantan,Kota Bharu,TELUR AYAM GRED A (BERAT 65.0 GM HINGGA 69.9 GM SEBIJI),10 biji,BARANGAN SEGAR,TELUR
2024-03-26,351,119,4.3,TESCO KOTA BHARU,"LOT 1828,SEKSYEN 17,KOTA BHARU",Hypermarket,Kelantan,Kota Bharu,TELUR AYAM GRED B (BERAT 60.0 GM HINGGA 64.9 GM),10 biji,BARANGAN SEGAR,TELUR
2024-03-26,351,120,4.1,TESCO KOTA BHARU,"LOT 1828,SEKSYEN 17,KOTA BHARU",Hypermarket,Kelantan,Kota Bharu,TELUR AYAM GRED C (BERAT 55.0 GM HINGGA 59.9 GM SEBIJI),10 biji,BARANGAN SEGAR,TELUR
2024-03-26,15192,119,4.3,PASARAYA PKT SDN BHD,"PT 5462-PT 5468,BANDAR BARU KUALA KRAI- GUA MUSANG,",Pasar Raya / Supermarket,Kelantan,Kuala Krai,TELUR AYAM GRED B (BERAT 60.0 GM HINGGA 64.9 GM),10 biji,BARANGAN SEGAR,TELUR
2024-03-27,351,118,4.5,TESCO KOTA BHARU,"LOT 1828,SEKSYEN 17,KOTA BHARU",Hypermarket,Kelantan,Kota Bharu,TELUR AYAM GRED A (BERAT 65.0 GM HINGGA 69.9 GM SEBIJI),10 biji,BARANGAN SEGAR,TELUR
2024-03-27,351,119,4.3,TESCO KOTA BHARU,"LOT 1828,SEKSYEN 17,KOTA BHARU",Hypermarket,Kelantan,Kota Bharu,TELUR AYAM GRED B (BERAT 60.0 GM HINGGA 64.9 GM),10 biji,BARANGAN SEGAR,TELUR
2024-03-27,351,120,4.1,TESCO KOTA BHARU,"LOT 1828,SEKSYEN 17,KOTA BHARU",Hypermarket,Kelantan,Kota Bharu,TELUR AYAM GRED C (BERAT 55.0 GM HINGGA 59.9 GM SEBIJI),10 biji,BARANGAN SEGAR,TELUR
2024-03-27,15192,119,4.3,PASARAYA PKT SDN BHD,"PT 5462-PT 5468,BANDAR BARU KUALA KRAI- GUA MUSANG,",Pasar Raya / Supermarket,Kelantan,Kuala Krai,TELUR AYAM GRED B (BERAT 60.0 GM HINGGA 64.9 GM),10 biji,BARANGAN SEGAR,TELUR
2024-03-29,351,119,4.3,TESCO KOTA BHARU,"LOT 1828,SEKSYEN 17,KOTA BHARU",Hypermarket,Kelantan,Kota Bharu,TELUR AYAM GRED B (BERAT 60.0 GM HINGGA 64.9 GM),10 biji,BARANGAN SEGAR,TELUR
2024-03-29,351,120,4.1,TESCO KOTA BHARU,"LOT 1828,SEKSYEN 17,KOTA BHARU",Hypermarket,Kelantan,Kota Bharu,TELUR AYAM GRED C (BERAT 55.0 GM HINGGA 59.9 GM SEBIJI),10 biji,BARANGAN SEGAR,TELUR
2024-03-29,382,119,4.3,PASARAYA PKT PASIR TUMBOH,"G6582,LOT 11,KEDAI PASIR TUMBOH,",Pasar Raya / Supermarket,Kelantan,Kota Bharu,TELUR AYAM GRED B (BERAT 60.0 GM HINGGA 64.9 GM),10 biji,BARANGAN SEGAR,TELUR
2024-03-29,15192,119,4.3,PASARAYA PKT SDN BHD,"PT 5462-PT 5468,BANDAR BARU KUALA KRAI- GUA MUSANG,",Pasar Raya / Supermarket,Kelantan,Kuala Krai,TELUR AYAM GRED B (BERAT 60.0 GM HINGGA 64.9 GM),10 biji,BARANGAN SEGAR,TELUR
2024-03-30,351,119,4.3,TESCO KOTA BHARU,"LOT 1828,SEKSYEN 17,KOTA BHARU",Hypermarket,Kelantan,Kota Bharu,TELUR AYAM GRED B (BERAT 60.0 GM HINGGA 64.9 GM),10 biji,BARANGAN SEGAR,TELUR
2024-03-30,351,120,4.1,TESCO KOTA BHARU,"LOT 1828,SEKSYEN 17,KOTA BHARU",Hypermarket,Kelantan,Kota Bharu,TELUR AYAM GRED C (BERAT 55.0 GM HINGGA 59.9 GM SEBIJI),10 biji,BARANGAN SEGAR,TELUR
2024-03-30,382,119,4.3,PASARAYA PKT PASIR TUMBOH,"G6582,LOT 11,KEDAI PASIR TUMBOH,",Pasar Raya / Supermarket,Kelantan,Kota Bharu,TELUR AYAM GRED B (BERAT 60.0 GM HINGGA 64.9 GM),10 biji,BARANGAN SEGAR,TELUR
2024-03-30,15192,119,4.3,PASARAYA PKT SDN BHD,"PT 5462-PT 5468,BANDAR BARU KUALA KRAI- GUA MUSANG,",Pasar Raya / Supermarket,Kelantan,Kuala Krai,TELUR AYAM GRED B (BERAT 60.0 GM HINGGA 64.9 GM),10 biji,BARANGAN SEGAR,TELUR
2024-03-31,351,119,4.3,TESCO KOTA BHARU,"LOT 1828,SEKSYEN 17,KOTA BHARU",Hypermarket,Kelantan,Kota Bharu,TELUR AYAM GRED B (BERAT 60.0 GM HINGGA 64.9 GM),10 biji,BARANGAN SEGAR,TELUR
2024-03-31,351,120,4.1,TESCO KOTA BHARU,"LOT 1828,SEKSYEN 17,KOTA BHARU",Hypermarket,Kelantan,Kota Bharu,TELUR AYAM GRED C (BERAT 55.0 GM HINGGA 59.9 GM SEBIJI),10 biji,BARANGAN SEGAR,TELUR
2024-03-31,382,119,4.3,PASARAYA PKT PASIR TUMBOH,"G6582,LOT 11,KEDAI PASIR TUMBOH,",Pasar Raya / Supermarket,Kelantan,Kota Bharu,TELUR AYAM GRED B (BERAT 60.0 GM HINGGA 64.9 GM),10 biji,BARANGAN SEGAR,TELUR
2024-03-31,15192,119,4.3,PASARAYA PKT SDN BHD,"PT 5462-PT 5468,BANDAR BARU KUALA KRAI- GUA MUSANG,",Pasar Raya / Supermarket,Kelantan,Kuala Krai,TELUR AYAM GRED B (BERAT 60.0 GM HINGGA 64.9 GM),10 biji,BARANGAN SEGAR,TELUR
2024-04-01,351,118,4.5,TESCO KOTA BHARU,"LOT 1828,SEKSYEN 17,KOTA BHARU",Hypermarket,Kelantan,Kota Bharu,TELUR AYAM GRED A (BERAT 65.0 GM HINGGA 69.9 GM SEBIJI),10 biji,BARANGAN SEGAR,TELUR
2024-04-01,351,119,4.3,TESCO KOTA BHARU,"LOT 1828,SEKSYEN 17,KOTA BHARU",Hypermarket,Kelantan,Kota Bharu,TELUR AYAM GRED B (BERAT 60.0 GM HINGGA 64.9 GM),10 biji,BARANGAN SEGAR,TELUR
2024-04-01,351,120,4.1,TESCO KOTA BHARU,"LOT 1828,SEKSYEN 17,KOTA BHARU",Hypermarket,Kelantan,Kota Bharu,TELUR AYAM GRED C (BERAT 55.0 GM HINGGA 59.9 GM SEBIJI),10 biji,BARANGAN SEGAR,TELUR
2024-04-01,382,118,4.5,PASARAYA PKT PASIR TUMBOH,"G6582,LOT 11,KEDAI PASIR TUMBOH,",Pasar Raya / Supermarket,Kelantan,Kota Bharu,TELUR AYAM GRED A (BERAT 65.0 GM HINGGA 69.9 GM SEBIJI),10 biji,BARANGAN SEGAR,TELUR
2024-04-01,382,119,4.3,PASARAYA PKT PASIR TUMBOH,"G6582,LOT 11,KEDAI PASIR TUMBOH,",Pasar Raya / Supermarket,Kelantan,Kota Bharu,TELUR AYAM GRED B (BERAT 60.0 GM HINGGA 64.9 GM),10 biji,BARANGAN SEGAR,TELUR
2024-04-01,15192,119,4.3,PASARAYA PKT SDN BHD,"PT 5462-PT 5468,BANDAR BARU KUALA KRAI- GUA MUSANG,",Pasar Raya / Supermarket,Kelantan,Kuala Krai,TELUR AYAM GRED B (BERAT 60.0 GM HINGGA 64.9 GM),10 biji,BARANGAN SEGAR,TELUR
2024-04-02,351,119,4.3,TESCO KOTA BHARU,"LOT 1828,SEKSYEN 17,KOTA BHARU",Hypermarket,Kelantan,Kota Bharu,TELUR AYAM GRED B (BERAT 60.0 GM HINGGA 64.9 GM),10 biji,BARANGAN SEGAR,TELUR
2024-04-02,351,120,4.1,TESCO KOTA BHARU,"LOT 1828,SEKSYEN 17,KOTA BHARU",Hypermarket,Kelantan,Kota Bharu,TELUR AYAM GRED C (BERAT 55.0 GM HINGGA 59.9 GM SEBIJI),10 biji,BARANGAN SEGAR,TELUR
2024-04-02,382,118,4.5,PASARAYA PKT PASIR TUMBOH,"G6582,LOT 11,KEDAI PASIR TUMBOH,",Pasar Raya / Supermarket,Kelantan,Kota Bharu,TELUR AYAM GRED A (BERAT 65.0 GM HINGGA 69.9 GM SEBIJI),10 biji,BARANGAN SEGAR,TELUR
2024-04-02,382,119,4.3,PASARAYA PKT PASIR TUMBOH,"G6582,LOT 11,KEDAI PASIR TUMBOH,",Pasar Raya / Supermarket,Kelantan,Kota Bharu,TELUR AYAM GRED B (BERAT 60.0 GM HINGGA 64.9 GM),10 biji,BARANGAN SEGAR,TELUR
2024-04-03,382,118,4.5,PASARAYA PKT PASIR TUMBOH,"G6582,LOT 11,KEDAI PASIR TUMBOH,",Pasar Raya / Supermarket,Kelantan,Kota Bharu,TELUR AYAM GRED A (BERAT 65.0 GM HINGGA 69.9 GM SEBIJI),10 biji,BARANGAN SEGAR,TELUR
2024-04-03,382,119,4.3,PASARAYA PKT PASIR TUMBOH,"G6582,LOT 11,KEDAI PASIR TUMBOH,",Pasar Raya / Supermarket,Kelantan,Kota Bharu,TELUR AYAM GRED B (BERAT 60.0 GM HINGGA 64.9 GM),10 biji,BARANGAN SEGAR,TELUR
2024-04-04,382,118,4.5,PASARAYA PKT PASIR TUMBOH,"G6582,LOT 11,KEDAI PASIR TUMBOH,",Pasar Raya / Supermarket,Kelantan,Kota Bharu,TELUR AYAM GRED A (BERAT 65.0 GM HINGGA 69.9 GM SEBIJI),10 biji,BARANGAN SEGAR,TELUR
2024-04-04,382,119,4.3,PASARAYA PKT PASIR TUMBOH,"G6582,LOT 11,KEDAI PASIR TUMBOH,",Pasar Raya / Supermarket,Kelantan,Kota Bharu,TELUR AYAM GRED B (BERAT 60.0 GM HINGGA 64.9 GM),10 biji,BARANGAN SEGAR,TELUR
2024-04-05,382,118,4.5,PASARAYA PKT PASIR TUMBOH,"G6582,LOT 11,KEDAI PASIR TUMBOH,",Pasar Raya / Supermarket,Kelantan,Kota Bharu,TELUR AYAM GRED A (BERAT 65.0 GM HINGGA 69.9 GM SEBIJI),10 biji,BARANGAN SEGAR,TELUR
2024-04-05,382,119,4.3,PASARAYA PKT PASIR TUMBOH,"G6582,LOT 11,KEDAI PASIR TUMBOH,",Pasar Raya / Supermarket,Kelantan,Kota Bharu,TELUR AYAM GRED B (BERAT 60.0 GM HINGGA 64.9 GM),10 biji,BARANGAN SEGAR,TELUR
2024-04-06,351,119,4.3,TESCO KOTA BHARU,"LOT 1828,SEKSYEN 17,KOTA BHARU",Hypermarket,Kelantan,Kota Bharu,TELUR AYAM GRED B (BERAT 60.0 GM HINGGA 64.9 GM),10 biji,BARANGAN SEGAR,TELUR
2024-04-06,351,120,4.1,TESCO KOTA BHARU,"LOT 1828,SEKSYEN 17,KOTA BHARU",Hypermarket,Kelantan,Kota Bharu,TELUR AYAM GRED C (BERAT 55.0 GM HINGGA 59.9 GM SEBIJI),10 biji,BARANGAN SEGAR,TELUR
2024-04-07,351,119,4.3,TESCO KOTA BHARU,"LOT 1828,SEKSYEN 17,KOTA BHARU",Hypermarket,Kelantan,Kota Bharu,TELUR AYAM GRED B (BERAT 60.0 GM HINGGA 64.9 GM),10 biji,BARANGAN SEGAR,TELUR
2024-04-07,351,120,4.1,TESCO KOTA BHARU,"LOT 1828,SEKSYEN 17,KOTA BHARU",Hypermarket,Kelantan,Kota Bharu,TELUR AYAM GRED C (BERAT 55.0 GM HINGGA 59.9 GM SEBIJI),10 biji,BARANGAN SEGAR,TELUR
2024-04-08,351,119,4.3,TESCO KOTA BHARU,"LOT 1828,SEKSYEN 17,KOTA BHARU",Hypermarket,Kelantan,Kota Bharu,TELUR AYAM GRED B (BERAT 60.0 GM HINGGA 64.9 GM),10 biji,BARANGAN SEGAR,TELUR
2024-04-08,351,120,4.1,TESCO KOTA BHARU,"LOT 1828,SEKSYEN 17,KOTA BHARU",Hypermarket,Kelantan,Kota Bharu,TELUR AYAM GRED C (BERAT 55.0 GM HINGGA 59.9 GM SEBIJI),10 biji,BARANGAN SEGAR,TELUR
2024-04-12,351,120,4.1,TESCO KOTA BHARU,"LOT 1828,SEKSYEN 17,KOTA BHARU",Hypermarket,Kelantan,Kota Bharu,TELUR AYAM GRED C (BERAT 55.0 GM HINGGA 59.9 GM SEBIJI),10 biji,BARANGAN SEGAR,TELUR
2024-04-13,351,118,4.5,TESCO KOTA BHARU,"LOT 1828,SEKSYEN 17,KOTA BHARU",Hypermarket,Kelantan,Kota Bharu,TELUR AYAM GRED A (BERAT 65.0 GM HINGGA 69.9 GM SEBIJI),10 biji,BARANGAN SEGAR,TELUR
2024-04-13,351,119,4.3,TESCO KOTA BHARU,"LOT 1828,SEKSYEN 17,KOTA BHARU",Hypermarket,Kelantan,Kota Bharu,TELUR AYAM GRED B (BERAT 60.0 GM HINGGA 64.9 GM),10 biji,BARANGAN SEGAR,TELUR
2024-04-13,351,120,4.1,TESCO KOTA BHARU,"LOT 1828,SEKSYEN 17,KOTA BHARU",Hypermarket,Kelantan,Kota Bharu,TELUR AYAM GRED C (BERAT 55.0 GM HINGGA 59.9 GM SEBIJI),10 biji,BARANGAN SEGAR,TELUR
2024-04-13,15192,119,4.3,PASARAYA PKT SDN BHD,"PT 5462-PT 5468,BANDAR BARU KUALA KRAI- GUA MUSANG,",Pasar Raya / Supermarket,Kelantan,Kuala Krai,TELUR AYAM GRED B (BERAT 60.0 GM HINGGA 64.9 GM),10 biji,BARANGAN SEGAR,TELUR
2024-04-14,351,120,4.1,TESCO KOTA BHARU,"LOT 1828,SEKSYEN 17,KOTA BHARU",Hypermarket,Kelantan,Kota Bharu,TELUR AYAM GRED C (BERAT 55.0 GM HINGGA 59.9 GM SEBIJI),10 biji,BARANGAN SEGAR,TELUR
2024-04-14,15192,119,4.3,PASARAYA PKT SDN BHD,"PT 5462-PT 5468,BANDAR BARU KUALA KRAI- GUA MUSANG,",Pasar Raya / Supermarket,Kelantan,Kuala Krai,TELUR AYAM GRED B (BERAT 60.0 GM HINGGA 64.9 GM),10 biji,BARANGAN SEGAR,TELUR
2024-04-15,351,118,4.5,TESCO KOTA BHARU,"LOT 1828,SEKSYEN 17,KOTA BHARU",Hypermarket,Kelantan,Kota Bharu,TELUR AYAM GRED A (BERAT 65.0 GM HINGGA 69.9 GM SEBIJI),10 biji,BARANGAN SEGAR,TELUR
2024-04-15,351,119,4.3,TESCO KOTA BHARU,"LOT 1828,SEKSYEN 17,KOTA BHARU",Hypermarket,Kelantan,Kota Bharu,TELUR AYAM GRED B (BERAT 60.0 GM HINGGA 64.9 GM),10 biji,BARANGAN SEGAR,TELUR
2024-04-15,351,120,4.1,TESCO KOTA BHARU,"LOT 1828,SEKSYEN 17,KOTA BHARU",Hypermarket,Kelantan,Kota Bharu,TELUR AYAM GRED C (BERAT 55.0 GM HINGGA 59.9 GM SEBIJI),10 biji,BARANGAN SEGAR,TELUR
2024-04-16,351,119,4.3,TESCO KOTA BHARU,"LOT 1828,SEKSYEN 17,KOTA BHARU",Hypermarket,Kelantan,Kota Bharu,TELUR AYAM GRED B (BERAT 60.0 GM HINGGA 64.9 GM),10 biji,BARANGAN SEGAR,TELUR
2024-04-16,351,120,4.1,TESCO KOTA BHARU,"LOT 1828,SEKSYEN 17,KOTA BHARU",Hypermarket,Kelantan,Kota Bharu,TELUR AYAM GRED C (BERAT 55.0 GM HINGGA 59.9 GM SEBIJI),10 biji,BARANGAN SEGAR,TELUR
2024-04-18,18670,120,4.1,ECONSAVE CASH & CARRY (KUBANG KERIAN) SDN.BHD,"LOT PT 1640 & PT 1685, SEKSYEN 54,JALAN RAJA PREMPUAN ZAINAB II, MUKIM KENALI, KUBANG KERIAN,16150 KOTA BHARU, KELANTAN.",Hypermarket,Kelantan,Kota Bharu,TELUR AYAM GRED C (BERAT 55.0 GM HINGGA 59.9 GM SEBIJI),10 biji,BARANGAN SEGAR,TELUR
2024-04-19,382,119,4.3,PASARAYA PKT PASIR TUMBOH,"G6582,LOT 11,KEDAI PASIR TUMBOH,",Pasar Raya / Supermarket,Kelantan,Kota Bharu,TELUR AYAM GRED B (BERAT 60.0 GM HINGGA 64.9 GM),10 biji,BARANGAN SEGAR,TELUR
2024-04-19,18670,120,4.1,ECONSAVE CASH & CARRY (KUBANG KERIAN) SDN.BHD,"LOT PT 1640 & PT 1685, SEKSYEN 54,JALAN RAJA PREMPUAN ZAINAB II, MUKIM KENALI, KUBANG KERIAN,16150 KOTA BHARU, KELANTAN.",Hypermarket,Kelantan,Kota Bharu,TELUR AYAM GRED C (BERAT 55.0 GM HINGGA 59.9 GM SEBIJI),10 biji,BARANGAN SEGAR,TELUR
2024-04-20,351,120,4.1,TESCO KOTA BHARU,"LOT 1828,SEKSYEN 17,KOTA BHARU",Hypermarket,Kelantan,Kota Bharu,TELUR AYAM GRED C (BERAT 55.0 GM HINGGA 59.9 GM SEBIJI),10 biji,BARANGAN SEGAR,TELUR
2024-04-20,382,119,4.3,PASARAYA PKT PASIR TUMBOH,"G6582,LOT 11,KEDAI PASIR TUMBOH,",Pasar Raya / Supermarket,Kelantan,Kota Bharu,TELUR AYAM GRED B (BERAT 60.0 GM HINGGA 64.9 GM),10 biji,BARANGAN SEGAR,TELUR
2024-04-21,351,119,4.3,TESCO KOTA BHARU,"LOT 1828,SEKSYEN 17,KOTA BHARU",Hypermarket,Kelantan,Kota Bharu,TELUR AYAM GRED B (BERAT 60.0 GM HINGGA 64.9 GM),10 biji,BARANGAN SEGAR,TELUR
2024-04-21,351,120,4.1,TESCO KOTA BHARU,"LOT 1828,SEKSYEN 17,KOTA BHARU",Hypermarket,Kelantan,Kota Bharu,TELUR AYAM GRED C (BERAT 55.0 GM HINGGA 59.9 GM SEBIJI),10 biji,BARANGAN SEGAR,TELUR
2024-04-22,351,119,4.3,TESCO KOTA BHARU,"LOT 1828,SEKSYEN 17,KOTA BHARU",Hypermarket,Kelantan,Kota Bharu,TELUR AYAM GRED B (BERAT 60.0 GM HINGGA 64.9 GM),10 biji,BARANGAN SEGAR,TELUR
2024-04-22,351,120,4.1,TESCO KOTA BHARU,"LOT 1828,SEKSYEN 17,KOTA BHARU",Hypermarket,Kelantan,Kota Bharu,TELUR AYAM GRED C (BERAT 55.0 GM HINGGA 59.9 GM SEBIJI),10 biji,BARANGAN SEGAR,TELUR
2024-04-23,351,119,4.3,TESCO KOTA BHARU,"LOT 1828,SEKSYEN 17,KOTA BHARU",Hypermarket,Kelantan,Kota Bharu,TELUR AYAM GRED B (BERAT 60.0 GM HINGGA 64.9 GM),10 biji,BARANGAN SEGAR,TELUR
2024-04-23,351,120,4.1,TESCO KOTA BHARU,"LOT 1828,SEKSYEN 17,KOTA BHARU",Hypermarket,Kelantan,Kota Bharu,TELUR AYAM GRED C (BERAT 55.0 GM HINGGA 59.9 GM SEBIJI),10 biji,BARANGAN SEGAR,TELUR
2024-04-23,15192,118,4.5,PASARAYA PKT SDN BHD,"PT 5462-PT 5468,BANDAR BARU KUALA KRAI- GUA MUSANG,",Pasar Raya / Supermarket,Kelantan,Kuala Krai,TELUR AYAM GRED A (BERAT 65.0 GM HINGGA 69.9 GM SEBIJI),10 biji,BARANGAN SEGAR,TELUR
2024-04-23,15192,119,4.3,PASARAYA PKT SDN BHD,"PT 5462-PT 5468,BANDAR BARU KUALA KRAI- GUA MUSANG,",Pasar Raya / Supermarket,Kelantan,Kuala Krai,TELUR AYAM GRED B (BERAT 60.0 GM HINGGA 64.9 GM),10 biji,BARANGAN SEGAR,TELUR
2024-04-24,351,119,4.3,TESCO KOTA BHARU,"LOT 1828,SEKSYEN 17,KOTA BHARU",Hypermarket,Kelantan,Kota Bharu,TELUR AYAM GRED B (BERAT 60.0 GM HINGGA 64.9 GM),10 biji,BARANGAN SEGAR,TELUR
2024-04-24,351,120,4.1,TESCO KOTA BHARU,"LOT 1828,SEKSYEN 17,KOTA BHARU",Hypermarket,Kelantan,Kota Bharu,TELUR AYAM GRED C (BERAT 55.0 GM HINGGA 59.9 GM SEBIJI),10 biji,BARANGAN SEGAR,TELUR
2024-04-24,15192,119,4.3,PASARAYA PKT SDN BHD,"PT 5462-PT 5468,BANDAR BARU KUALA KRAI- GUA MUSANG,",Pasar Raya / Supermarket,Kelantan,Kuala Krai,TELUR AYAM GRED B (BERAT 60.0 GM HINGGA 64.9 GM),10 biji,BARANGAN SEGAR,TELUR
2024-04-25,351,119,4.3,TESCO KOTA BHARU,"LOT 1828,SEKSYEN 17,KOTA BHARU",Hypermarket,Kelantan,Kota Bharu,TELUR AYAM GRED B (BERAT 60.0 GM HINGGA 64.9 GM),10 biji,BARANGAN SEGAR,TELUR
2024-04-25,351,120,4.1,TESCO KOTA BHARU,"LOT 1828,SEKSYEN 17,KOTA BHARU",Hypermarket,Kelantan,Kota Bharu,TELUR AYAM GRED C (BERAT 55.0 GM HINGGA 59.9 GM SEBIJI),10 biji,BARANGAN SEGAR,TELUR
2024-04-25,15192,119,4.3,PASARAYA PKT SDN BHD,"PT 5462-PT 5468,BANDAR BARU KUALA KRAI- GUA MUSANG,",Pasar Raya / Supermarket,Kelantan,Kuala Krai,TELUR AYAM GRED B (BERAT 60.0 GM HINGGA 64.9 GM),10 biji,BARANGAN SEGAR,TELUR
2024-04-26,351,119,4.3,TESCO KOTA BHARU,"LOT 1828,SEKSYEN 17,KOTA BHARU",Hypermarket,Kelantan,Kota Bharu,TELUR AYAM GRED B (BERAT 60.0 GM HINGGA 64.9 GM),10 biji,BARANGAN SEGAR,TELUR
2024-04-26,351,120,4.1,TESCO KOTA BHARU,"LOT 1828,SEKSYEN 17,KOTA BHARU",Hypermarket,Kelantan,Kota Bharu,TELUR AYAM GRED C (BERAT 55.0 GM HINGGA 59.9 GM SEBIJI),10 biji,BARANGAN SEGAR,TELUR
2024-04-27,351,118,4.5,TESCO KOTA BHARU,"LOT 1828,SEKSYEN 17,KOTA BHARU",Hypermarket,Kelantan,Kota Bharu,TELUR AYAM GRED A (BERAT 65.0 GM HINGGA 69.9 GM SEBIJI),10 biji,BARANGAN SEGAR,TELUR
2024-04-27,351,119,4.3,TESCO KOTA BHARU,"LOT 1828,SEKSYEN 17,KOTA BHARU",Hypermarket,Kelantan,Kota Bharu,TELUR AYAM GRED B (BERAT 60.0 GM HINGGA 64.9 GM),10 biji,BARANGAN SEGAR,TELUR
2024-04-27,351,120,4.1,TESCO KOTA BHARU,"LOT 1828,SEKSYEN 17,KOTA BHARU",Hypermarket,Kelantan,Kota Bharu,TELUR AYAM GRED C (BERAT 55.0 GM HINGGA 59.9 GM SEBIJI),10 biji,BARANGAN SEGAR,TELUR
2024-04-28,351,118,4.5,TESCO KOTA BHARU,"LOT 1828,SEKSYEN 17,KOTA BHARU",Hypermarket,Kelantan,Kota Bharu,TELUR AYAM GRED A (BERAT 65.0 GM HINGGA 69.9 GM SEBIJI),10 biji,BARANGAN SEGAR,TELUR
2024-04-28,351,119,4.3,TESCO KOTA BHARU,"LOT 1828,SEKSYEN 17,KOTA BHARU",Hypermarket,Kelantan,Kota Bharu,TELUR AYAM GRED B (BERAT 60.0 GM HINGGA 64.9 GM),10 biji,BARANGAN SEGAR,TELUR
2024-04-28,351,120,4.1,TESCO KOTA BHARU,"LOT 1828,SEKSYEN 17,KOTA BHARU",Hypermarket,Kelantan,Kota Bharu,TELUR AYAM GRED C (BERAT 55.0 GM HINGGA 59.9 GM SEBIJI),10 biji,BARANGAN SEGAR,TELUR
2024-04-29,351,118,4.5,TESCO KOTA BHARU,"LOT 1828,SEKSYEN 17,KOTA BHARU",Hypermarket,Kelantan,Kota Bharu,TELUR AYAM GRED A (BERAT 65.0 GM HINGGA 69.9 GM SEBIJI),10 biji,BARANGAN SEGAR,TELUR
2024-04-29,351,119,4.3,TESCO KOTA BHARU,"LOT 1828,SEKSYEN 17,KOTA BHARU",Hypermarket,Kelantan,Kota Bharu,TELUR AYAM GRED B (BERAT 60.0 GM HINGGA 64.9 GM),10 biji,BARANGAN SEGAR,TELUR
2024-04-29,351,120,4.1,TESCO KOTA BHARU,"LOT 1828,SEKSYEN 17,KOTA BHARU",Hypermarket,Kelantan,Kota Bharu,TELUR AYAM GRED C (BERAT 55.0 GM HINGGA 59.9 GM SEBIJI),10 biji,BARANGAN SEGAR,TELUR
2024-04-29,15192,119,4.3,PASARAYA PKT SDN BHD,"PT 5462-PT 5468,BANDAR BARU KUALA KRAI- GUA MUSANG,",Pasar Raya / Supermarket,Kelantan,Kuala Krai,TELUR AYAM GRED B (BERAT 60.0 GM HINGGA 64.9 GM),10 biji,BARANGAN SEGAR,TELUR
2024-04-30,351,119,4.3,TESCO KOTA BHARU,"LOT 1828,SEKSYEN 17,KOTA BHARU",Hypermarket,Kelantan,Kota Bharu,TELUR AYAM GRED B (BERAT 60.0 GM HINGGA 64.9 GM),10 biji,BARANGAN SEGAR,TELUR
2024-04-30,351,120,4.1,TESCO KOTA BHARU,"LOT 1828,SEKSYEN 17,KOTA BHARU",Hypermarket,Kelantan,Kota Bharu,TELUR AYAM GRED C (BERAT 55.0 GM HINGGA 59.9 GM SEBIJI),10 biji,BARANGAN SEGAR,TELUR
2024-05-02,351,119,4.3,TESCO KOTA BHARU,"LOT 1828,SEKSYEN 17,KOTA BHARU",Hypermarket,Kelantan,Kota Bharu,TELUR AYAM GRED B (BERAT 60.0 GM HINGGA 64.9 GM),10 biji,BARANGAN SEGAR,TELUR
2024-05-02,351,120,4.1,TESCO KOTA BHARU,"LOT 1828,SEKSYEN 17,KOTA BHARU",Hypermarket,Kelantan,Kota Bharu,TELUR AYAM GRED C (BERAT 55.0 GM HINGGA 59.9 GM SEBIJI),10 biji,BARANGAN SEGAR,TELUR
2024-05-02,382,119,4.3,PASARAYA PKT PASIR TUMBOH,"G6582,LOT 11,KEDAI PASIR TUMBOH,",Pasar Raya / Supermarket,Kelantan,Kota Bharu,TELUR AYAM GRED B (BERAT 60.0 GM HINGGA 64.9 GM),10 biji,BARANGAN SEGAR,TELUR
2024-05-02,18670,120,4.1,ECONSAVE CASH & CARRY (KUBANG KERIAN) SDN.BHD,"LOT PT 1640 & PT 1685, SEKSYEN 54,JALAN RAJA PREMPUAN ZAINAB II, MUKIM KENALI, KUBANG KERIAN,16150 KOTA BHARU, KELANTAN.",Hypermarket,Kelantan,Kota Bharu,TELUR AYAM GRED C (BERAT 55.0 GM HINGGA 59.9 GM SEBIJI),10 biji,BARANGAN SEGAR,TELUR
2024-05-03,351,119,4.3,TESCO KOTA BHARU,"LOT 1828,SEKSYEN 17,KOTA BHARU",Hypermarket,Kelantan,Kota Bharu,TELUR AYAM GRED B (BERAT 60.0 GM HINGGA 64.9 GM),10 biji,BARANGAN SEGAR,TELUR
2024-05-03,351,120,4.1,TESCO KOTA BHARU,"LOT 1828,SEKSYEN 17,KOTA BHARU",Hypermarket,Kelantan,Kota Bharu,TELUR AYAM GRED C (BERAT 55.0 GM HINGGA 59.9 GM SEBIJI),10 biji,BARANGAN SEGAR,TELUR
2024-05-03,382,119,4.3,PASARAYA PKT PASIR TUMBOH,"G6582,LOT 11,KEDAI PASIR TUMBOH,",Pasar Raya / Supermarket,Kelantan,Kota Bharu,TELUR AYAM GRED B (BERAT 60.0 GM HINGGA 64.9 GM),10 biji,BARANGAN SEGAR,TELUR
2024-05-03,18670,120,4.1,ECONSAVE CASH & CARRY (KUBANG KERIAN) SDN.BHD,"LOT PT 1640 & PT 1685, SEKSYEN 54,JALAN RAJA PREMPUAN ZAINAB II, MUKIM KENALI, KUBANG KERIAN,16150 KOTA BHARU, KELANTAN.",Hypermarket,Kelantan,Kota Bharu,TELUR AYAM GRED C (BERAT 55.0 GM HINGGA 59.9 GM SEBIJI),10 biji,BARANGAN SEGAR,TELUR
2024-05-04,351,119,4.3,TESCO KOTA BHARU,"LOT 1828,SEKSYEN 17,KOTA BHARU",Hypermarket,Kelantan,Kota Bharu,TELUR AYAM GRED B (BERAT 60.0 GM HINGGA 64.9 GM),10 biji,BARANGAN SEGAR,TELUR
2024-05-04,351,120,4.1,TESCO KOTA BHARU,"LOT 1828,SEKSYEN 17,KOTA BHARU",Hypermarket,Kelantan,Kota Bharu,TELUR AYAM GRED C (BERAT 55.0 GM HINGGA 59.9 GM SEBIJI),10 biji,BARANGAN SEGAR,TELUR
2024-05-04,18670,120,4.1,ECONSAVE CASH & CARRY (KUBANG KERIAN) SDN.BHD,"LOT PT 1640 & PT 1685, SEKSYEN 54,JALAN RAJA PREMPUAN ZAINAB II, MUKIM KENALI, KUBANG KERIAN,16150 KOTA BHARU, KELANTAN.",Hypermarket,Kelantan,Kota Bharu,TELUR AYAM GRED C (BERAT 55.0 GM HINGGA 59.9 GM SEBIJI),10 biji,BARANGAN SEGAR,TELUR
2024-05-05,351,119,4.3,TESCO KOTA BHARU,"LOT 1828,SEKSYEN 17,KOTA BHARU",Hypermarket,Kelantan,Kota Bharu,TELUR AYAM GRED B (BERAT 60.0 GM HINGGA 64.9 GM),10 biji,BARANGAN SEGAR,TELUR
2024-05-05,351,120,4.1,TESCO KOTA BHARU,"LOT 1828,SEKSYEN 17,KOTA BHARU",Hypermarket,Kelantan,Kota Bharu,TELUR AYAM GRED C (BERAT 55.0 GM HINGGA 59.9 GM SEBIJI),10 biji,BARANGAN SEGAR,TELUR
2024-05-05,18670,120,4.1,ECONSAVE CASH & CARRY (KUBANG KERIAN) SDN.BHD,"LOT PT 1640 & PT 1685, SEKSYEN 54,JALAN RAJA PREMPUAN ZAINAB II, MUKIM KENALI, KUBANG KERIAN,16150 KOTA BHARU, KELANTAN.",Hypermarket,Kelantan,Kota Bharu,TELUR AYAM GRED C (BERAT 55.0 GM HINGGA 59.9 GM SEBIJI),10 biji,BARANGAN SEGAR,TELUR
2024-05-06,351,119,4.3,TESCO KOTA BHARU,"LOT 1828,SEKSYEN 17,KOTA BHARU",Hypermarket,Kelantan,Kota Bharu,TELUR AYAM GRED B (BERAT 60.0 GM HINGGA 64.9 GM),10 biji,BARANGAN SEGAR,TELUR
2024-05-06,351,120,4.1,TESCO KOTA BHARU,"LOT 1828,SEKSYEN 17,KOTA BHARU",Hypermarket,Kelantan,Kota Bharu,TELUR AYAM GRED C (BERAT 55.0 GM HINGGA 59.9 GM SEBIJI),10 biji,BARANGAN SEGAR,TELUR
2024-05-06,18670,120,4.1,ECONSAVE CASH & CARRY (KUBANG KERIAN) SDN.BHD,"LOT PT 1640 & PT 1685, SEKSYEN 54,JALAN RAJA PREMPUAN ZAINAB II, MUKIM KENALI, KUBANG KERIAN,16150 KOTA BHARU, KELANTAN.",Hypermarket,Kelantan,Kota Bharu,TELUR AYAM GRED C (BERAT 55.0 GM HINGGA 59.9 GM SEBIJI),10 biji,BARANGAN SEGAR,TELUR
2024-05-07,351,118,4.5,TESCO KOTA BHARU,"LOT 1828,SEKSYEN 17,KOTA BHARU",Hypermarket,Kelantan,Kota Bharu,TELUR AYAM GRED A (BERAT 65.0 GM HINGGA 69.9 GM SEBIJI),10 biji,BARANGAN SEGAR,TELUR
2024-05-07,351,120,4.1,TESCO KOTA BHARU,"LOT 1828,SEKSYEN 17,KOTA BHARU",Hypermarket,Kelantan,Kota Bharu,TELUR AYAM GRED C (BERAT 55.0 GM HINGGA 59.9 GM SEBIJI),10 biji,BARANGAN SEGAR,TELUR
2024-05-07,18670,118,4.5,ECONSAVE CASH & CARRY (KUBANG KERIAN) SDN.BHD,"LOT PT 1640 & PT 1685, SEKSYEN 54,JALAN RAJA PREMPUAN ZAINAB II, MUKIM KENALI, KUBANG KERIAN,16150 KOTA BHARU, KELANTAN.",Hypermarket,Kelantan,Kota Bharu,TELUR AYAM GRED A (BERAT 65.0 GM HINGGA 69.9 GM SEBIJI),10 biji,BARANGAN SEGAR,TELUR
2024-05-07,18670,120,4.1,ECONSAVE CASH & CARRY (KUBANG KERIAN) SDN.BHD,"LOT PT 1640 & PT 1685, SEKSYEN 54,JALAN RAJA PREMPUAN ZAINAB II, MUKIM KENALI, KUBANG KERIAN,16150 KOTA BHARU, KELANTAN.",Hypermarket,Kelantan,Kota Bharu,TELUR AYAM GRED C (BERAT 55.0 GM HINGGA 59.9 GM SEBIJI),10 biji,BARANGAN SEGAR,TELUR
2024-05-08,351,118,4.5,TESCO KOTA BHARU,"LOT 1828,SEKSYEN 17,KOTA BHARU",Hypermarket,Kelantan,Kota Bharu,TELUR AYAM GRED A (BERAT 65.0 GM HINGGA 69.9 GM SEBIJI),10 biji,BARANGAN SEGAR,TELUR
2024-05-08,351,119,4.3,TESCO KOTA BHARU,"LOT 1828,SEKSYEN 17,KOTA BHARU",Hypermarket,Kelantan,Kota Bharu,TELUR AYAM GRED B (BERAT 60.0 GM HINGGA 64.9 GM),10 biji,BARANGAN SEGAR,TELUR
2024-05-08,351,120,4.1,TESCO KOTA BHARU,"LOT 1828,SEKSYEN 17,KOTA BHARU",Hypermarket,Kelantan,Kota Bharu,TELUR AYAM GRED C (BERAT 55.0 GM HINGGA 59.9 GM SEBIJI),10 biji,BARANGAN SEGAR,TELUR
2024-05-08,480,118,4.5,PASARAYA PANTAI TIMUR (BACHOK) SDN. BHD,"LOT 2076, MUKIM TEPUS,GUNUNG TIMUR,",Pasar Raya / Supermarket,Kelantan,Bachok,TELUR AYAM GRED A (BERAT 65.0 GM HINGGA 69.9 GM SEBIJI),10 biji,BARANGAN SEGAR,TELUR
2024-05-08,18670,120,4.1,ECONSAVE CASH & CARRY (KUBANG KERIAN) SDN.BHD,"LOT PT 1640 & PT 1685, SEKSYEN 54,JALAN RAJA PREMPUAN ZAINAB II, MUKIM KENALI, KUBANG KERIAN,16150 KOTA BHARU, KELANTAN.",Hypermarket,Kelantan,Kota Bharu,TELUR AYAM GRED C (BERAT 55.0 GM HINGGA 59.9 GM SEBIJI),10 biji,BARANGAN SEGAR,TELUR
2024-05-09,351,119,4.3,TESCO KOTA BHARU,"LOT 1828,SEKSYEN 17,KOTA BHARU",Hypermarket,Kelantan,Kota Bharu,TELUR AYAM GRED B (BERAT 60.0 GM HINGGA 64.9 GM),10 biji,BARANGAN SEGAR,TELUR
2024-05-09,351,120,4.1,TESCO KOTA BHARU,"LOT 1828,SEKSYEN 17,KOTA BHARU",Hypermarket,Kelantan,Kota Bharu,TELUR AYAM GRED C (BERAT 55.0 GM HINGGA 59.9 GM SEBIJI),10 biji,BARANGAN SEGAR,TELUR
2024-05-09,398,119,4.3,PASARAYA SALAMKU (PASIR PEKAN) S/B,"LOT 2444-2449,KG. BARU PASIR PEKAN,16250 WAKAF BHARU, KELANTAN",Pasar Raya / Supermarket,Kelantan,Tumpat,TELUR AYAM GRED B (BERAT 60.0 GM HINGGA 64.9 GM),10 biji,BARANGAN SEGAR,TELUR
2024-05-09,480,118,4.5,PASARAYA PANTAI TIMUR (BACHOK) SDN. BHD,"LOT 2076, MUKIM TEPUS,GUNUNG TIMUR,",Pasar Raya / Supermarket,Kelantan,Bachok,TELUR AYAM GRED A (BERAT 65.0 GM HINGGA 69.9 GM SEBIJI),10 biji,BARANGAN SEGAR,TELUR
2024-05-09,18670,120,4.1,ECONSAVE CASH & CARRY (KUBANG KERIAN) SDN.BHD,"LOT PT 1640 & PT 1685, SEKSYEN 54,JALAN RAJA PREMPUAN ZAINAB II, MUKIM KENALI, KUBANG KERIAN,16150 KOTA BHARU, KELANTAN.",Hypermarket,Kelantan,Kota Bharu,TELUR AYAM GRED C (BERAT 55.0 GM HINGGA 59.9 GM SEBIJI),10 biji,BARANGAN SEGAR,TELUR
2024-05-10,351,119,4.3,TESCO KOTA BHARU,"LOT 1828,SEKSYEN 17,KOTA BHARU",Hypermarket,Kelantan,Kota Bharu,TELUR AYAM GRED B (BERAT 60.0 GM HINGGA 64.9 GM),10 biji,BARANGAN SEGAR,TELUR
2024-05-10,351,120,4.1,TESCO KOTA BHARU,"LOT 1828,SEKSYEN 17,KOTA BHARU",Hypermarket,Kelantan,Kota Bharu,TELUR AYAM GRED C (BERAT 55.0 GM HINGGA 59.9 GM SEBIJI),10 biji,BARANGAN SEGAR,TELUR
2024-05-11,351,118,4.5,TESCO KOTA BHARU,"LOT 1828,SEKSYEN 17,KOTA BHARU",Hypermarket,Kelantan,Kota Bharu,TELUR AYAM GRED A (BERAT 65.0 GM HINGGA 69.9 GM SEBIJI),10 biji,BARANGAN SEGAR,TELUR
2024-05-11,351,119,4.3,TESCO KOTA BHARU,"LOT 1828,SEKSYEN 17,KOTA BHARU",Hypermarket,Kelantan,Kota Bharu,TELUR AYAM GRED B (BERAT 60.0 GM HINGGA 64.9 GM),10 biji,BARANGAN SEGAR,TELUR
2024-05-11,351,120,4.1,TESCO KOTA BHARU,"LOT 1828,SEKSYEN 17,KOTA BHARU",Hypermarket,Kelantan,Kota Bharu,TELUR AYAM GRED C (BERAT 55.0 GM HINGGA 59.9 GM SEBIJI),10 biji,BARANGAN SEGAR,TELUR
2024-05-12,351,118,4.5,TESCO KOTA BHARU,"LOT 1828,SEKSYEN 17,KOTA BHARU",Hypermarket,Kelantan,Kota Bharu,TELUR AYAM GRED A (BERAT 65.0 GM HINGGA 69.9 GM SEBIJI),10 biji,BARANGAN SEGAR,TELUR
2024-05-12,351,119,4.3,TESCO KOTA BHARU,"LOT 1828,SEKSYEN 17,KOTA BHARU",Hypermarket,Kelantan,Kota Bharu,TELUR AYAM GRED B (BERAT 60.0 GM HINGGA 64.9 GM),10 biji,BARANGAN SEGAR,TELUR
2024-05-12,351,120,4.1,TESCO KOTA BHARU,"LOT 1828,SEKSYEN 17,KOTA BHARU",Hypermarket,Kelantan,Kota Bharu,TELUR AYAM GRED C (BERAT 55.0 GM HINGGA 59.9 GM SEBIJI),10 biji,BARANGAN SEGAR,TELUR
2024-05-12,382,119,4.3,PASARAYA PKT PASIR TUMBOH,"G6582,LOT 11,KEDAI PASIR TUMBOH,",Pasar Raya / Supermarket,Kelantan,Kota Bharu,TELUR AYAM GRED B (BERAT 60.0 GM HINGGA 64.9 GM),10 biji,BARANGAN SEGAR,TELUR
2024-05-13,351,119,4.3,TESCO KOTA BHARU,"LOT 1828,SEKSYEN 17,KOTA BHARU",Hypermarket,Kelantan,Kota Bharu,TELUR AYAM GRED B (BERAT 60.0 GM HINGGA 64.9 GM),10 biji,BARANGAN SEGAR,TELUR
2024-05-13,351,120,4.1,TESCO KOTA BHARU,"LOT 1828,SEKSYEN 17,KOTA BHARU",Hypermarket,Kelantan,Kota Bharu,TELUR AYAM GRED C (BERAT 55.0 GM HINGGA 59.9 GM SEBIJI),10 biji,BARANGAN SEGAR,TELUR
2024-05-13,382,119,4.3,PASARAYA PKT PASIR TUMBOH,"G6582,LOT 11,KEDAI PASIR TUMBOH,",Pasar Raya / Supermarket,Kelantan,Kota Bharu,TELUR AYAM GRED B (BERAT 60.0 GM HINGGA 64.9 GM),10 biji,BARANGAN SEGAR,TELUR
2024-05-13,17802,119,4.3,TL MART SDN BHD,"LOT 1697 MUKIM PAYA MENGKUANG,DAERAH PERUPOK, BACHOK,",Pasar Mini,Kelantan,Bachok,TELUR AYAM GRED B (BERAT 60.0 GM HINGGA 64.9 GM),10 biji,BARANGAN SEGAR,TELUR
2024-05-14,351,119,4.3,TESCO KOTA BHARU,"LOT 1828,SEKSYEN 17,KOTA BHARU",Hypermarket,Kelantan,Kota Bharu,TELUR AYAM GRED B (BERAT 60.0 GM HINGGA 64.9 GM),10 biji,BARANGAN SEGAR,TELUR
2024-05-14,351,120,4.1,TESCO KOTA BHARU,"LOT 1828,SEKSYEN 17,KOTA BHARU",Hypermarket,Kelantan,Kota Bharu,TELUR AYAM GRED C (BERAT 55.0 GM HINGGA 59.9 GM SEBIJI),10 biji,BARANGAN SEGAR,TELUR
2024-05-14,382,119,4.3,PASARAYA PKT PASIR TUMBOH,"G6582,LOT 11,KEDAI PASIR TUMBOH,",Pasar Raya / Supermarket,Kelantan,Kota Bharu,TELUR AYAM GRED B (BERAT 60.0 GM HINGGA 64.9 GM),10 biji,BARANGAN SEGAR,TELUR
2024-05-15,351,120,4.1,TESCO KOTA BHARU,"LOT 1828,SEKSYEN 17,KOTA BHARU",Hypermarket,Kelantan,Kota Bharu,TELUR AYAM GRED C (BERAT 55.0 GM HINGGA 59.9 GM SEBIJI),10 biji,BARANGAN SEGAR,TELUR
2024-05-15,382,119,4.3,PASARAYA PKT PASIR TUMBOH,"G6582,LOT 11,KEDAI PASIR TUMBOH,",Pasar Raya / Supermarket,Kelantan,Kota Bharu,TELUR AYAM GRED B (BERAT 60.0 GM HINGGA 64.9 GM),10 biji,BARANGAN SEGAR,TELUR
2024-05-16,351,120,4.1,TESCO KOTA BHARU,"LOT 1828,SEKSYEN 17,KOTA BHARU",Hypermarket,Kelantan,Kota Bharu,TELUR AYAM GRED C (BERAT 55.0 GM HINGGA 59.9 GM SEBIJI),10 biji,BARANGAN SEGAR,TELUR
2024-05-16,382,119,4.3,PASARAYA PKT PASIR TUMBOH,"G6582,LOT 11,KEDAI PASIR TUMBOH,",Pasar Raya / Supermarket,Kelantan,Kota Bharu,TELUR AYAM GRED B (BERAT 60.0 GM HINGGA 64.9 GM),10 biji,BARANGAN SEGAR,TELUR
2024-05-16,398,119,4.3,PASARAYA SALAMKU (PASIR PEKAN) S/B,"LOT 2444-2449,KG. BARU PASIR PEKAN,16250 WAKAF BHARU, KELANTAN",Pasar Raya / Supermarket,Kelantan,Tumpat,TELUR AYAM GRED B (BERAT 60.0 GM HINGGA 64.9 GM),10 biji,BARANGAN SEGAR,TELUR
2024-05-17,382,119,4.3,PASARAYA PKT PASIR TUMBOH,"G6582,LOT 11,KEDAI PASIR TUMBOH,",Pasar Raya / Supermarket,Kelantan,Kota Bharu,TELUR AYAM GRED B (BERAT 60.0 GM HINGGA 64.9 GM),10 biji,BARANGAN SEGAR,TELUR
2024-05-17,398,119,4.3,PASARAYA SALAMKU (PASIR PEKAN) S/B,"LOT 2444-2449,KG. BARU PASIR PEKAN,16250 WAKAF BHARU, KELANTAN",Pasar Raya / Supermarket,Kelantan,Tumpat,TELUR AYAM GRED B (BERAT 60.0 GM HINGGA 64.9 GM),10 biji,BARANGAN SEGAR,TELUR
2024-05-18,351,120,4.1,TESCO KOTA BHARU,"LOT 1828,SEKSYEN 17,KOTA BHARU",Hypermarket,Kelantan,Kota Bharu,TELUR AYAM GRED C (BERAT 55.0 GM HINGGA 59.9 GM SEBIJI),10 biji,BARANGAN SEGAR,TELUR
2024-05-18,382,119,4.3,PASARAYA PKT PASIR TUMBOH,"G6582,LOT 11,KEDAI PASIR TUMBOH,",Pasar Raya / Supermarket,Kelantan,Kota Bharu,TELUR AYAM GRED B (BERAT 60.0 GM HINGGA 64.9 GM),10 biji,BARANGAN SEGAR,TELUR
2024-05-18,398,119,4.3,PASARAYA SALAMKU (PASIR PEKAN) S/B,"LOT 2444-2449,KG. BARU PASIR PEKAN,16250 WAKAF BHARU, KELANTAN",Pasar Raya / Supermarket,Kelantan,Tumpat,TELUR AYAM GRED B (BERAT 60.0 GM HINGGA 64.9 GM),10 biji,BARANGAN SEGAR,TELUR
2024-05-19,351,120,4.1,TESCO KOTA BHARU,"LOT 1828,SEKSYEN 17,KOTA BHARU",Hypermarket,Kelantan,Kota Bharu,TELUR AYAM GRED C (BERAT 55.0 GM HINGGA 59.9 GM SEBIJI),10 biji,BARANGAN SEGAR,TELUR
2024-05-19,382,119,4.3,PASARAYA PKT PASIR TUMBOH,"G6582,LOT 11,KEDAI PASIR TUMBOH,",Pasar Raya / Supermarket,Kelantan,Kota Bharu,TELUR AYAM GRED B (BERAT 60.0 GM HINGGA 64.9 GM),10 biji,BARANGAN SEGAR,TELUR
2024-05-19,398,119,4.3,PASARAYA SALAMKU (PASIR PEKAN) S/B,"LOT 2444-2449,KG. BARU PASIR PEKAN,16250 WAKAF BHARU, KELANTAN",Pasar Raya / Supermarket,Kelantan,Tumpat,TELUR AYAM GRED B (BERAT 60.0 GM HINGGA 64.9 GM),10 biji,BARANGAN SEGAR,TELUR
2024-05-20,351,119,4.3,TESCO KOTA BHARU,"LOT 1828,SEKSYEN 17,KOTA BHARU",Hypermarket,Kelantan,Kota Bharu,TELUR AYAM GRED B (BERAT 60.0 GM HINGGA 64.9 GM),10 biji,BARANGAN SEGAR,TELUR
2024-05-20,382,119,4.3,PASARAYA PKT PASIR TUMBOH,"G6582,LOT 11,KEDAI PASIR TUMBOH,",Pasar Raya / Supermarket,Kelantan,Kota Bharu,TELUR AYAM GRED B (BERAT 60.0 GM HINGGA 64.9 GM),10 biji,BARANGAN SEGAR,TELUR
2024-05-20,398,119,4.3,PASARAYA SALAMKU (PASIR PEKAN) S/B,"LOT 2444-2449,KG. BARU PASIR PEKAN,16250 WAKAF BHARU, KELANTAN",Pasar Raya / Supermarket,Kelantan,Tumpat,TELUR AYAM GRED B (BERAT 60.0 GM HINGGA 64.9 GM),10 biji,BARANGAN SEGAR,TELUR
2024-05-20,18670,118,4.3,ECONSAVE CASH & CARRY (KUBANG KERIAN) SDN.BHD,"LOT PT 1640 & PT 1685, SEKSYEN 54,JALAN RAJA PREMPUAN ZAINAB II, MUKIM KENALI, KUBANG KERIAN,16150 KOTA BHARU, KELANTAN.",Hypermarket,Kelantan,Kota Bharu,TELUR AYAM GRED A (BERAT 65.0 GM HINGGA 69.9 GM SEBIJI),10 biji,BARANGAN SEGAR,TELUR
2024-05-20,18670,120,3.7,ECONSAVE CASH & CARRY (KUBANG KERIAN) SDN.BHD,"LOT PT 1640 & PT 1685, SEKSYEN 54,JALAN RAJA PREMPUAN ZAINAB II, MUKIM KENALI, KUBANG KERIAN,16150 KOTA BHARU, KELANTAN.",Hypermarket,Kelantan,Kota Bharu,TELUR AYAM GRED C (BERAT 55.0 GM HINGGA 59.9 GM SEBIJI),10 biji,BARANGAN SEGAR,TELUR
2024-05-21,351,119,4.3,TESCO KOTA BHARU,"LOT 1828,SEKSYEN 17,KOTA BHARU",Hypermarket,Kelantan,Kota Bharu,TELUR AYAM GRED B (BERAT 60.0 GM HINGGA 64.9 GM),10 biji,BARANGAN SEGAR,TELUR
2024-05-21,382,119,4.3,PASARAYA PKT PASIR TUMBOH,"G6582,LOT 11,KEDAI PASIR TUMBOH,",Pasar Raya / Supermarket,Kelantan,Kota Bharu,TELUR AYAM GRED B (BERAT 60.0 GM HINGGA 64.9 GM),10 biji,BARANGAN SEGAR,TELUR
2024-05-21,398,119,4.3,PASARAYA SALAMKU (PASIR PEKAN) S/B,"LOT 2444-2449,KG. BARU PASIR PEKAN,16250 WAKAF BHARU, KELANTAN",Pasar Raya / Supermarket,Kelantan,Tumpat,TELUR AYAM GRED B (BERAT 60.0 GM HINGGA 64.9 GM),10 biji,BARANGAN SEGAR,TELUR
2024-05-21,18670,118,4.3,ECONSAVE CASH & CARRY (KUBANG KERIAN) SDN.BHD,"LOT PT 1640 & PT 1685, SEKSYEN 54,JALAN RAJA PREMPUAN ZAINAB II, MUKIM KENALI, KUBANG KERIAN,16150 KOTA BHARU, KELANTAN.",Hypermarket,Kelantan,Kota Bharu,TELUR AYAM GRED A (BERAT 65.0 GM HINGGA 69.9 GM SEBIJI),10 biji,BARANGAN SEGAR,TELUR
2024-05-23,351,119,4.3,TESCO KOTA BHARU,"LOT 1828,SEKSYEN 17,KOTA BHARU",Hypermarket,Kelantan,Kota Bharu,TELUR AYAM GRED B (BERAT 60.0 GM HINGGA 64.9 GM),10 biji,BARANGAN SEGAR,TELUR
2024-05-23,382,119,4.3,PASARAYA PKT PASIR TUMBOH,"G6582,LOT 11,KEDAI PASIR TUMBOH,",Pasar Raya / Supermarket,Kelantan,Kota Bharu,TELUR AYAM GRED B (BERAT 60.0 GM HINGGA 64.9 GM),10 biji,BARANGAN SEGAR,TELUR
2024-05-23,398,119,4.3,PASARAYA SALAMKU (PASIR PEKAN) S/B,"LOT 2444-2449,KG. BARU PASIR PEKAN,16250 WAKAF BHARU, KELANTAN",Pasar Raya / Supermarket,Kelantan,Tumpat,TELUR AYAM GRED B (BERAT 60.0 GM HINGGA 64.9 GM),10 biji,BARANGAN SEGAR,TELUR
2024-05-24,351,119,4.3,TESCO KOTA BHARU,"LOT 1828,SEKSYEN 17,KOTA BHARU",Hypermarket,Kelantan,Kota Bharu,TELUR AYAM GRED B (BERAT 60.0 GM HINGGA 64.9 GM),10 biji,BARANGAN SEGAR,TELUR
2024-05-24,351,120,4.1,TESCO KOTA BHARU,"LOT 1828,SEKSYEN 17,KOTA BHARU",Hypermarket,Kelantan,Kota Bharu,TELUR AYAM GRED C (BERAT 55.0 GM HINGGA 59.9 GM SEBIJI),10 biji,BARANGAN SEGAR,TELUR
2024-05-24,382,119,4.3,PASARAYA PKT PASIR TUMBOH,"G6582,LOT 11,KEDAI PASIR TUMBOH,",Pasar Raya / Supermarket,Kelantan,Kota Bharu,TELUR AYAM GRED B (BERAT 60.0 GM HINGGA 64.9 GM),10 biji,BARANGAN SEGAR,TELUR
2024-05-24,398,119,4.3,PASARAYA SALAMKU (PASIR PEKAN) S/B,"LOT 2444-2449,KG. BARU PASIR PEKAN,16250 WAKAF BHARU, KELANTAN",Pasar Raya / Supermarket,Kelantan,Tumpat,TELUR AYAM GRED B (BERAT 60.0 GM HINGGA 64.9 GM),10 biji,BARANGAN SEGAR,TELUR
2024-05-25,351,119,4.3,TESCO KOTA BHARU,"LOT 1828,SEKSYEN 17,KOTA BHARU",Hypermarket,Kelantan,Kota Bharu,TELUR AYAM GRED B (BERAT 60.0 GM HINGGA 64.9 GM),10 biji,BARANGAN SEGAR,TELUR
2024-05-25,351,120,4.1,TESCO KOTA BHARU,"LOT 1828,SEKSYEN 17,KOTA BHARU",Hypermarket,Kelantan,Kota Bharu,TELUR AYAM GRED C (BERAT 55.0 GM HINGGA 59.9 GM SEBIJI),10 biji,BARANGAN SEGAR,TELUR
2024-05-25,382,119,4.3,PASARAYA PKT PASIR TUMBOH,"G6582,LOT 11,KEDAI PASIR TUMBOH,",Pasar Raya / Supermarket,Kelantan,Kota Bharu,TELUR AYAM GRED B (BERAT 60.0 GM HINGGA 64.9 GM),10 biji,BARANGAN SEGAR,TELUR
2024-05-25,398,119,4.3,PASARAYA SALAMKU (PASIR PEKAN) S/B,"LOT 2444-2449,KG. BARU PASIR PEKAN,16250 WAKAF BHARU, KELANTAN",Pasar Raya / Supermarket,Kelantan,Tumpat,TELUR AYAM GRED B (BERAT 60.0 GM HINGGA 64.9 GM),10 biji,BARANGAN SEGAR,TELUR
2024-05-26,351,119,4.3,TESCO KOTA BHARU,"LOT 1828,SEKSYEN 17,KOTA BHARU",Hypermarket,Kelantan,Kota Bharu,TELUR AYAM GRED B (BERAT 60.0 GM HINGGA 64.9 GM),10 biji,BARANGAN SEGAR,TELUR
2024-05-26,351,120,4.1,TESCO KOTA BHARU,"LOT 1828,SEKSYEN 17,KOTA BHARU",Hypermarket,Kelantan,Kota Bharu,TELUR AYAM GRED C (BERAT 55.0 GM HINGGA 59.9 GM SEBIJI),10 biji,BARANGAN SEGAR,TELUR
2024-05-27,351,119,4.3,TESCO KOTA BHARU,"LOT 1828,SEKSYEN 17,KOTA BHARU",Hypermarket,Kelantan,Kota Bharu,TELUR AYAM GRED B (BERAT 60.0 GM HINGGA 64.9 GM),10 biji,BARANGAN SEGAR,TELUR
2024-05-27,351,120,4.1,TESCO KOTA BHARU,"LOT 1828,SEKSYEN 17,KOTA BHARU",Hypermarket,Kelantan,Kota Bharu,TELUR AYAM GRED C (BERAT 55.0 GM HINGGA 59.9 GM SEBIJI),10 biji,BARANGAN SEGAR,TELUR
2024-05-28,351,119,4.3,TESCO KOTA BHARU,"LOT 1828,SEKSYEN 17,KOTA BHARU",Hypermarket,Kelantan,Kota Bharu,TELUR AYAM GRED B (BERAT 60.0 GM HINGGA 64.9 GM),10 biji,BARANGAN SEGAR,TELUR
2024-05-28,351,120,4.1,TESCO KOTA BHARU,"LOT 1828,SEKSYEN 17,KOTA BHARU",Hypermarket,Kelantan,Kota Bharu,TELUR AYAM GRED C (BERAT 55.0 GM HINGGA 59.9 GM SEBIJI),10 biji,BARANGAN SEGAR,TELUR
2024-05-29,351,119,4.3,TESCO KOTA BHARU,"LOT 1828,SEKSYEN 17,KOTA BHARU",Hypermarket,Kelantan,Kota Bharu,TELUR AYAM GRED B (BERAT 60.0 GM HINGGA 64.9 GM),10 biji,BARANGAN SEGAR,TELUR
2024-05-29,351,120,4.1,TESCO KOTA BHARU,"LOT 1828,SEKSYEN 17,KOTA BHARU",Hypermarket,Kelantan,Kota Bharu,TELUR AYAM GRED C (BERAT 55.0 GM HINGGA 59.9 GM SEBIJI),10 biji,BARANGAN SEGAR,TELUR
2024-05-29,382,119,4.3,PASARAYA PKT PASIR TUMBOH,"G6582,LOT 11,KEDAI PASIR TUMBOH,",Pasar Raya / Supermarket,Kelantan,Kota Bharu,TELUR AYAM GRED B (BERAT 60.0 GM HINGGA 64.9 GM),10 biji,BARANGAN SEGAR,TELUR
2024-05-30,351,119,4.3,TESCO KOTA BHARU,"LOT 1828,SEKSYEN 17,KOTA BHARU",Hypermarket,Kelantan,Kota Bharu,TELUR AYAM GRED B (BERAT 60.0 GM HINGGA 64.9 GM),10 biji,BARANGAN SEGAR,TELUR
2024-05-30,351,120,4.1,TESCO KOTA BHARU,"LOT 1828,SEKSYEN 17,KOTA BHARU",Hypermarket,Kelantan,Kota Bharu,TELUR AYAM GRED C (BERAT 55.0 GM HINGGA 59.9 GM SEBIJI),10 biji,BARANGAN SEGAR,TELUR
2024-05-30,382,119,4.3,PASARAYA PKT PASIR TUMBOH,"G6582,LOT 11,KEDAI PASIR TUMBOH,",Pasar Raya / Supermarket,Kelantan,Kota Bharu,TELUR AYAM GRED B (BERAT 60.0 GM HINGGA 64.9 GM),10 biji,BARANGAN SEGAR,TELUR
2024-05-31,351,119,4.3,TESCO KOTA BHARU,"LOT 1828,SEKSYEN 17,KOTA BHARU",Hypermarket,Kelantan,Kota Bharu,TELUR AYAM GRED B (BERAT 60.0 GM HINGGA 64.9 GM),10 biji,BARANGAN SEGAR,TELUR
2024-05-31,351,120,4.1,TESCO KOTA BHARU,"LOT 1828,SEKSYEN 17,KOTA BHARU",Hypermarket,Kelantan,Kota Bharu,TELUR AYAM GRED C (BERAT 55.0 GM HINGGA 59.9 GM SEBIJI),10 biji,BARANGAN SEGAR,TELUR
2024-06-01,351,120,4.1,TESCO KOTA BHARU,"LOT 1828,SEKSYEN 17,KOTA BHARU",Hypermarket,Kelantan,Kota Bharu,TELUR AYAM GRED C (BERAT 55.0 GM HINGGA 59.9 GM SEBIJI),10 biji,BARANGAN SEGAR,TELUR
2024-06-02,351,120,4.1,TESCO KOTA BHARU,"LOT 1828,SEKSYEN 17,KOTA BHARU",Hypermarket,Kelantan,Kota Bharu,TELUR AYAM GRED C (BERAT 55.0 GM HINGGA 59.9 GM SEBIJI),10 biji,BARANGAN SEGAR,TELUR
2024-06-06,382,119,4.3,PASARAYA PKT PASIR TUMBOH,"G6582,LOT 11,KEDAI PASIR TUMBOH,",Pasar Raya / Supermarket,Kelantan,Kota Bharu,TELUR AYAM GRED B (BERAT 60.0 GM HINGGA 64.9 GM),10 biji,BARANGAN SEGAR,TELUR
2024-06-06,20857,118,4.5,PANTAI TIMUR JELAWAT,"JELAWAT BACHOK,BACHOK,",Pasar Raya / Supermarket,Kelantan,Bachok,TELUR AYAM GRED A (BERAT 65.0 GM HINGGA 69.9 GM SEBIJI),10 biji,BARANGAN SEGAR,TELUR
2024-06-07,351,119,4.3,TESCO KOTA BHARU,"LOT 1828,SEKSYEN 17,KOTA BHARU",Hypermarket,Kelantan,Kota Bharu,TELUR AYAM GRED B (BERAT 60.0 GM HINGGA 64.9 GM),10 biji,BARANGAN SEGAR,TELUR
2024-06-07,351,120,4.1,TESCO KOTA BHARU,"LOT 1828,SEKSYEN 17,KOTA BHARU",Hypermarket,Kelantan,Kota Bharu,TELUR AYAM GRED C (BERAT 55.0 GM HINGGA 59.9 GM SEBIJI),10 biji,BARANGAN SEGAR,TELUR
2024-06-07,20857,118,4.5,PANTAI TIMUR JELAWAT,"JELAWAT BACHOK,BACHOK,",Pasar Raya / Supermarket,Kelantan,Bachok,TELUR AYAM GRED A (BERAT 65.0 GM HINGGA 69.9 GM SEBIJI),10 biji,BARANGAN SEGAR,TELUR
2024-06-08,351,119,4.3,TESCO KOTA BHARU,"LOT 1828,SEKSYEN 17,KOTA BHARU",Hypermarket,Kelantan,Kota Bharu,TELUR AYAM GRED B (BERAT 60.0 GM HINGGA 64.9 GM),10 biji,BARANGAN SEGAR,TELUR
2024-06-08,351,120,4.1,TESCO KOTA BHARU,"LOT 1828,SEKSYEN 17,KOTA BHARU",Hypermarket,Kelantan,Kota Bharu,TELUR AYAM GRED C (BERAT 55.0 GM HINGGA 59.9 GM SEBIJI),10 biji,BARANGAN SEGAR,TELUR
2024-06-08,15192,119,4.3,PASARAYA PKT SDN BHD,"PT 5462-PT 5468,BANDAR BARU KUALA KRAI- GUA MUSANG,",Pasar Raya / Supermarket,Kelantan,Kuala Krai,TELUR AYAM GRED B (BERAT 60.0 GM HINGGA 64.9 GM),10 biji,BARANGAN SEGAR,TELUR
2024-06-08,20857,118,4.5,PANTAI TIMUR JELAWAT,"JELAWAT BACHOK,BACHOK,",Pasar Raya / Supermarket,Kelantan,Bachok,TELUR AYAM GRED A (BERAT 65.0 GM HINGGA 69.9 GM SEBIJI),10 biji,BARANGAN SEGAR,TELUR
2024-06-09,351,119,4.3,TESCO KOTA BHARU,"LOT 1828,SEKSYEN 17,KOTA BHARU",Hypermarket,Kelantan,Kota Bharu,TELUR AYAM GRED B (BERAT 60.0 GM HINGGA 64.9 GM),10 biji,BARANGAN SEGAR,TELUR
2024-06-09,351,120,4.1,TESCO KOTA BHARU,"LOT 1828,SEKSYEN 17,KOTA BHARU",Hypermarket,Kelantan,Kota Bharu,TELUR AYAM GRED C (BERAT 55.0 GM HINGGA 59.9 GM SEBIJI),10 biji,BARANGAN SEGAR,TELUR
2024-06-09,15192,119,4.3,PASARAYA PKT SDN BHD,"PT 5462-PT 5468,BANDAR BARU KUALA KRAI- GUA MUSANG,",Pasar Raya / Supermarket,Kelantan,Kuala Krai,TELUR AYAM GRED B (BERAT 60.0 GM HINGGA 64.9 GM),10 biji,BARANGAN SEGAR,TELUR
2024-06-10,351,119,4.3,TESCO KOTA BHARU,"LOT 1828,SEKSYEN 17,KOTA BHARU",Hypermarket,Kelantan,Kota Bharu,TELUR AYAM GRED B (BERAT 60.0 GM HINGGA 64.9 GM),10 biji,BARANGAN SEGAR,TELUR
2024-06-10,351,120,4.1,TESCO KOTA BHARU,"LOT 1828,SEKSYEN 17,KOTA BHARU",Hypermarket,Kelantan,Kota Bharu,TELUR AYAM GRED C (BERAT 55.0 GM HINGGA 59.9 GM SEBIJI),10 biji,BARANGAN SEGAR,TELUR
2024-06-10,15192,119,4.3,PASARAYA PKT SDN BHD,"PT 5462-PT 5468,BANDAR BARU KUALA KRAI- GUA MUSANG,",Pasar Raya / Supermarket,Kelantan,Kuala Krai,TELUR AYAM GRED B (BERAT 60.0 GM HINGGA 64.9 GM),10 biji,BARANGAN SEGAR,TELUR
2024-06-11,351,119,4.3,TESCO KOTA BHARU,"LOT 1828,SEKSYEN 17,KOTA BHARU",Hypermarket,Kelantan,Kota Bharu,TELUR AYAM GRED B (BERAT 60.0 GM HINGGA 64.9 GM),10 biji,BARANGAN SEGAR,TELUR
2024-06-11,351,120,4.1,TESCO KOTA BHARU,"LOT 1828,SEKSYEN 17,KOTA BHARU",Hypermarket,Kelantan,Kota Bharu,TELUR AYAM GRED C (BERAT 55.0 GM HINGGA 59.9 GM SEBIJI),10 biji,BARANGAN SEGAR,TELUR
2024-06-11,398,119,4.3,PASARAYA SALAMKU (PASIR PEKAN) S/B,"LOT 2444-2449,KG. BARU PASIR PEKAN,16250 WAKAF BHARU, KELANTAN",Pasar Raya / Supermarket,Kelantan,Tumpat,TELUR AYAM GRED B (BERAT 60.0 GM HINGGA 64.9 GM),10 biji,BARANGAN SEGAR,TELUR
2024-06-11,15192,119,4.3,PASARAYA PKT SDN BHD,"PT 5462-PT 5468,BANDAR BARU KUALA KRAI- GUA MUSANG,",Pasar Raya / Supermarket,Kelantan,Kuala Krai,TELUR AYAM GRED B (BERAT 60.0 GM HINGGA 64.9 GM),10 biji,BARANGAN SEGAR,TELUR
2024-06-12,351,119,4.3,TESCO KOTA BHARU,"LOT 1828,SEKSYEN 17,KOTA BHARU",Hypermarket,Kelantan,Kota Bharu,TELUR AYAM GRED B (BERAT 60.0 GM HINGGA 64.9 GM),10 biji,BARANGAN SEGAR,TELUR
2024-06-12,351,120,4.1,TESCO KOTA BHARU,"LOT 1828,SEKSYEN 17,KOTA BHARU",Hypermarket,Kelantan,Kota Bharu,TELUR AYAM GRED C (BERAT 55.0 GM HINGGA 59.9 GM SEBIJI),10 biji,BARANGAN SEGAR,TELUR
2024-06-12,382,119,4.3,PASARAYA PKT PASIR TUMBOH,"G6582,LOT 11,KEDAI PASIR TUMBOH,",Pasar Raya / Supermarket,Kelantan,Kota Bharu,TELUR AYAM GRED B (BERAT 60.0 GM HINGGA 64.9 GM),10 biji,BARANGAN SEGAR,TELUR
2024-06-12,398,119,4.3,PASARAYA SALAMKU (PASIR PEKAN) S/B,"LOT 2444-2449,KG. BARU PASIR PEKAN,16250 WAKAF BHARU, KELANTAN",Pasar Raya / Supermarket,Kelantan,Tumpat,TELUR AYAM GRED B (BERAT 60.0 GM HINGGA 64.9 GM),10 biji,BARANGAN SEGAR,TELUR
2024-06-12,15192,119,4.3,PASARAYA PKT SDN BHD,"PT 5462-PT 5468,BANDAR BARU KUALA KRAI- GUA MUSANG,",Pasar Raya / Supermarket,Kelantan,Kuala Krai,TELUR AYAM GRED B (BERAT 60.0 GM HINGGA 64.9 GM),10 biji,BARANGAN SEGAR,TELUR
2024-06-13,351,119,4.3,TESCO KOTA BHARU,"LOT 1828,SEKSYEN 17,KOTA BHARU",Hypermarket,Kelantan,Kota Bharu,TELUR AYAM GRED B (BERAT 60.0 GM HINGGA 64.9 GM),10 biji,BARANGAN SEGAR,TELUR
2024-06-13,351,120,4.1,TESCO KOTA BHARU,"LOT 1828,SEKSYEN 17,KOTA BHARU",Hypermarket,Kelantan,Kota Bharu,TELUR AYAM GRED C (BERAT 55.0 GM HINGGA 59.9 GM SEBIJI),10 biji,BARANGAN SEGAR,TELUR
2024-06-13,382,119,4.3,PASARAYA PKT PASIR TUMBOH,"G6582,LOT 11,KEDAI PASIR TUMBOH,",Pasar Raya / Supermarket,Kelantan,Kota Bharu,TELUR AYAM GRED B (BERAT 60.0 GM HINGGA 64.9 GM),10 biji,BARANGAN SEGAR,TELUR
2024-06-13,15192,119,4.3,PASARAYA PKT SDN BHD,"PT 5462-PT 5468,BANDAR BARU KUALA KRAI- GUA MUSANG,",Pasar Raya / Supermarket,Kelantan,Kuala Krai,TELUR AYAM GRED B (BERAT 60.0 GM HINGGA 64.9 GM),10 biji,BARANGAN SEGAR,TELUR
2024-06-13,17802,120,4.1,TL MART SDN BHD,"LOT 1697 MUKIM PAYA MENGKUANG,DAERAH PERUPOK, BACHOK,",Pasar Mini,Kelantan,Bachok,TELUR AYAM GRED C (BERAT 55.0 GM HINGGA 59.9 GM SEBIJI),10 biji,BARANGAN SEGAR,TELUR
2024-06-14,351,119,4.3,TESCO KOTA BHARU,"LOT 1828,SEKSYEN 17,KOTA BHARU",Hypermarket,Kelantan,Kota Bharu,TELUR AYAM GRED B (BERAT 60.0 GM HINGGA 64.9 GM),10 biji,BARANGAN SEGAR,TELUR
2024-06-14,351,120,4.1,TESCO KOTA BHARU,"LOT 1828,SEKSYEN 17,KOTA BHARU",Hypermarket,Kelantan,Kota Bharu,TELUR AYAM GRED C (BERAT 55.0 GM HINGGA 59.9 GM SEBIJI),10 biji,BARANGAN SEGAR,TELUR
2024-06-14,382,119,4.3,PASARAYA PKT PASIR TUMBOH,"G6582,LOT 11,KEDAI PASIR TUMBOH,",Pasar Raya / Supermarket,Kelantan,Kota Bharu,TELUR AYAM GRED B (BERAT 60.0 GM HINGGA 64.9 GM),10 biji,BARANGAN SEGAR,TELUR
2024-06-14,15192,119,4.3,PASARAYA PKT SDN BHD,"PT 5462-PT 5468,BANDAR BARU KUALA KRAI- GUA MUSANG,",Pasar Raya / Supermarket,Kelantan,Kuala Krai,TELUR AYAM GRED B (BERAT 60.0 GM HINGGA 64.9 GM),10 biji,BARANGAN SEGAR,TELUR
2024-06-15,351,119,4.3,TESCO KOTA BHARU,"LOT 1828,SEKSYEN 17,KOTA BHARU",Hypermarket,Kelantan,Kota Bharu,TELUR AYAM GRED B (BERAT 60.0 GM HINGGA 64.9 GM),10 biji,BARANGAN SEGAR,TELUR
2024-06-15,351,120,4.1,TESCO KOTA BHARU,"LOT 1828,SEKSYEN 17,KOTA BHARU",Hypermarket,Kelantan,Kota Bharu,TELUR AYAM GRED C (BERAT 55.0 GM HINGGA 59.9 GM SEBIJI),10 biji,BARANGAN SEGAR,TELUR
2024-06-15,382,119,4.3,PASARAYA PKT PASIR TUMBOH,"G6582,LOT 11,KEDAI PASIR TUMBOH,",Pasar Raya / Supermarket,Kelantan,Kota Bharu,TELUR AYAM GRED B (BERAT 60.0 GM HINGGA 64.9 GM),10 biji,BARANGAN SEGAR,TELUR
2024-06-15,15192,119,4.3,PASARAYA PKT SDN BHD,"PT 5462-PT 5468,BANDAR BARU KUALA KRAI- GUA MUSANG,",Pasar Raya / Supermarket,Kelantan,Kuala Krai,TELUR AYAM GRED B (BERAT 60.0 GM HINGGA 64.9 GM),10 biji,BARANGAN SEGAR,TELUR
2024-06-19,382,119,4.0,PASARAYA PKT PASIR TUMBOH,"G6582,LOT 11,KEDAI PASIR TUMBOH,",Pasar Raya / Supermarket,Kelantan,Kota Bharu,TELUR AYAM GRED B (BERAT 60.0 GM HINGGA 64.9 GM),10 biji,BARANGAN SEGAR,TELUR
2024-06-20,382,119,4.0,PASARAYA PKT PASIR TUMBOH,"G6582,LOT 11,KEDAI PASIR TUMBOH,",Pasar Raya / Supermarket,Kelantan,Kota Bharu,TELUR AYAM GRED B (BERAT 60.0 GM HINGGA 64.9 GM),10 biji,BARANGAN SEGAR,TELUR
2024-06-21,382,119,4.0,PASARAYA PKT PASIR TUMBOH,"G6582,LOT 11,KEDAI PASIR TUMBOH,",Pasar Raya / Supermarket,Kelantan,Kota Bharu,TELUR AYAM GRED B (BERAT 60.0 GM HINGGA 64.9 GM),10 biji,BARANGAN SEGAR,TELUR
2024-06-24,17893,120,3.8,TL MART (SELISING) SDN. BHD.,"LOT 3282,KG.SELISING BUKIT JAWA,",Pasar Mini,Kelantan,Pasir Puteh,TELUR AYAM GRED C (BERAT 55.0 GM HINGGA 59.9 GM SEBIJI),10 biji,BARANGAN SEGAR,TELUR
2024-06-25,351,119,4.0,TESCO KOTA BHARU,"LOT 1828,SEKSYEN 17,KOTA BHARU",Hypermarket,Kelantan,Kota Bharu,TELUR AYAM GRED B (BERAT 60.0 GM HINGGA 64.9 GM),10 biji,BARANGAN SEGAR,TELUR
2024-06-25,351,120,3.8,TESCO KOTA BHARU,"LOT 1828,SEKSYEN 17,KOTA BHARU",Hypermarket,Kelantan,Kota Bharu,TELUR AYAM GRED C (BERAT 55.0 GM HINGGA 59.9 GM SEBIJI),10 biji,BARANGAN SEGAR,TELUR
2024-06-26,351,119,4.0,TESCO KOTA BHARU,"LOT 1828,SEKSYEN 17,KOTA BHARU",Hypermarket,Kelantan,Kota Bharu,TELUR AYAM GRED B (BERAT 60.0 GM HINGGA 64.9 GM),10 biji,BARANGAN SEGAR,TELUR
2024-06-26,351,120,3.8,TESCO KOTA BHARU,"LOT 1828,SEKSYEN 17,KOTA BHARU",Hypermarket,Kelantan,Kota Bharu,TELUR AYAM GRED C (BERAT 55.0 GM HINGGA 59.9 GM SEBIJI),10 biji,BARANGAN SEGAR,TELUR
2024-06-27,351,119,4.0,TESCO KOTA BHARU,"LOT 1828,SEKSYEN 17,KOTA BHARU",Hypermarket,Kelantan,Kota Bharu,TELUR AYAM GRED B (BERAT 60.0 GM HINGGA 64.9 GM),10 biji,BARANGAN SEGAR,TELUR
2024-06-27,351,120,3.8,TESCO KOTA BHARU,"LOT 1828,SEKSYEN 17,KOTA BHARU",Hypermarket,Kelantan,Kota Bharu,TELUR AYAM GRED C (BERAT 55.0 GM HINGGA 59.9 GM SEBIJI),10 biji,BARANGAN SEGAR,TELUR
2024-06-28,351,119,4.0,TESCO KOTA BHARU,"LOT 1828,SEKSYEN 17,KOTA BHARU",Hypermarket,Kelantan,Kota Bharu,TELUR AYAM GRED B (BERAT 60.0 GM HINGGA 64.9 GM),10 biji,BARANGAN SEGAR,TELUR
2024-06-28,351,120,3.8,TESCO KOTA BHARU,"LOT 1828,SEKSYEN 17,KOTA BHARU",Hypermarket,Kelantan,Kota Bharu,TELUR AYAM GRED C (BERAT 55.0 GM HINGGA 59.9 GM SEBIJI),10 biji,BARANGAN SEGAR,TELUR
2024-06-29,351,119,4.0,TESCO KOTA BHARU,"LOT 1828,SEKSYEN 17,KOTA BHARU",Hypermarket,Kelantan,Kota Bharu,TELUR AYAM GRED B (BERAT 60.0 GM HINGGA 64.9 GM),10 biji,BARANGAN SEGAR,TELUR
2024-06-29,351,120,3.8,TESCO KOTA BHARU,"LOT 1828,SEKSYEN 17,KOTA BHARU",Hypermarket,Kelantan,Kota Bharu,TELUR AYAM GRED C (BERAT 55.0 GM HINGGA 59.9 GM SEBIJI),10 biji,BARANGAN SEGAR,TELUR
2024-06-30,351,119,4.0,TESCO KOTA BHARU,"LOT 1828,SEKSYEN 17,KOTA BHARU",Hypermarket,Kelantan,Kota Bharu,TELUR AYAM GRED B (BERAT 60.0 GM HINGGA 64.9 GM),10 biji,BARANGAN SEGAR,TELUR
2024-06-30,351,120,3.8,TESCO KOTA BHARU,"LOT 1828,SEKSYEN 17,KOTA BHARU",Hypermarket,Kelantan,Kota Bharu,TELUR AYAM GRED C (BERAT 55.0 GM HINGGA 59.9 GM SEBIJI),10 biji,BARANGAN SEGAR,TELUR
2024-06-30,15192,118,4.2,PASARAYA PKT SDN BHD,"PT 5462-PT 5468,BANDAR BARU KUALA KRAI- GUA MUSANG,",Pasar Raya / Supermarket,Kelantan,Kuala Krai,TELUR AYAM GRED A (BERAT 65.0 GM HINGGA 69.9 GM SEBIJI),10 biji,BARANGAN SEGAR,TELUR
2024-06-30,15192,119,4.0,PASARAYA PKT SDN BHD,"PT 5462-PT 5468,BANDAR BARU KUALA KRAI- GUA MUSANG,",Pasar Raya / Supermarket,Kelantan,Kuala Krai,TELUR AYAM GRED B (BERAT 60.0 GM HINGGA 64.9 GM),10 biji,BARANGAN SEGAR,TELUR
2024-07-01,351,119,4.0,TESCO KOTA BHARU,"LOT 1828,SEKSYEN 17,KOTA BHARU",Hypermarket,Kelantan,Kota Bharu,TELUR AYAM GRED B (BERAT 60.0 GM HINGGA 64.9 GM),10 biji,BARANGAN SEGAR,TELUR
2024-07-01,351,120,3.8,TESCO KOTA BHARU,"LOT 1828,SEKSYEN 17,KOTA BHARU",Hypermarket,Kelantan,Kota Bharu,TELUR AYAM GRED C (BERAT 55.0 GM HINGGA 59.9 GM SEBIJI),10 biji,BARANGAN SEGAR,TELUR
2024-07-01,17893,120,3.8,TL MART (SELISING) SDN. BHD.,"LOT 3282,KG.SELISING BUKIT JAWA,",Pasar Mini,Kelantan,Pasir Puteh,TELUR AYAM GRED C (BERAT 55.0 GM HINGGA 59.9 GM SEBIJI),10 biji,BARANGAN SEGAR,TELUR
2024-07-02,351,120,3.8,TESCO KOTA BHARU,"LOT 1828,SEKSYEN 17,KOTA BHARU",Hypermarket,Kelantan,Kota Bharu,TELUR AYAM GRED C (BERAT 55.0 GM HINGGA 59.9 GM SEBIJI),10 biji,BARANGAN SEGAR,TELUR
2024-07-02,398,118,4.2,PASARAYA SALAMKU (PASIR PEKAN) S/B,"LOT 2444-2449,KG. BARU PASIR PEKAN,16250 WAKAF BHARU, KELANTAN",Pasar Raya / Supermarket,Kelantan,Tumpat,TELUR AYAM GRED A (BERAT 65.0 GM HINGGA 69.9 GM SEBIJI),10 biji,BARANGAN SEGAR,TELUR
2024-07-03,351,120,3.8,TESCO KOTA BHARU,"LOT 1828,SEKSYEN 17,KOTA BHARU",Hypermarket,Kelantan,Kota Bharu,TELUR AYAM GRED C (BERAT 55.0 GM HINGGA 59.9 GM SEBIJI),10 biji,BARANGAN SEGAR,TELUR
2024-07-03,398,118,4.2,PASARAYA SALAMKU (PASIR PEKAN) S/B,"LOT 2444-2449,KG. BARU PASIR PEKAN,16250 WAKAF BHARU, KELANTAN",Pasar Raya / Supermarket,Kelantan,Tumpat,TELUR AYAM GRED A (BERAT 65.0 GM HINGGA 69.9 GM SEBIJI),10 biji,BARANGAN SEGAR,TELUR
2024-07-04,398,118,4.2,PASARAYA SALAMKU (PASIR PEKAN) S/B,"LOT 2444-2449,KG. BARU PASIR PEKAN,16250 WAKAF BHARU, KELANTAN",Pasar Raya / Supermarket,Kelantan,Tumpat,TELUR AYAM GRED A (BERAT 65.0 GM HINGGA 69.9 GM SEBIJI),10 biji,BARANGAN SEGAR,TELUR
2024-07-05,351,119,4.0,TESCO KOTA BHARU,"LOT 1828,SEKSYEN 17,KOTA BHARU",Hypermarket,Kelantan,Kota Bharu,TELUR AYAM GRED B (BERAT 60.0 GM HINGGA 64.9 GM),10 biji,BARANGAN SEGAR,TELUR
2024-07-09,351,120,3.8,TESCO KOTA BHARU,"LOT 1828,SEKSYEN 17,KOTA BHARU",Hypermarket,Kelantan,Kota Bharu,TELUR AYAM GRED C (BERAT 55.0 GM HINGGA 59.9 GM SEBIJI),10 biji,BARANGAN SEGAR,TELUR
2024-07-10,351,119,4.0,TESCO KOTA BHARU,"LOT 1828,SEKSYEN 17,KOTA BHARU",Hypermarket,Kelantan,Kota Bharu,TELUR AYAM GRED B (BERAT 60.0 GM HINGGA 64.9 GM),10 biji,BARANGAN SEGAR,TELUR
2024-07-10,351,120,3.8,TESCO KOTA BHARU,"LOT 1828,SEKSYEN 17,KOTA BHARU",Hypermarket,Kelantan,Kota Bharu,TELUR AYAM GRED C (BERAT 55.0 GM HINGGA 59.9 GM SEBIJI),10 biji,BARANGAN SEGAR,TELUR
2024-07-11,351,119,4.0,TESCO KOTA BHARU,"LOT 1828,SEKSYEN 17,KOTA BHARU",Hypermarket,Kelantan,Kota Bharu,TELUR AYAM GRED B (BERAT 60.0 GM HINGGA 64.9 GM),10 biji,BARANGAN SEGAR,TELUR
2024-07-11,351,120,3.8,TESCO KOTA BHARU,"LOT 1828,SEKSYEN 17,KOTA BHARU",Hypermarket,Kelantan,Kota Bharu,TELUR AYAM GRED C (BERAT 55.0 GM HINGGA 59.9 GM SEBIJI),10 biji,BARANGAN SEGAR,TELUR
2024-07-12,351,119,4.0,TESCO KOTA BHARU,"LOT 1828,SEKSYEN 17,KOTA BHARU",Hypermarket,Kelantan,Kota Bharu,TELUR AYAM GRED B (BERAT 60.0 GM HINGGA 64.9 GM),10 biji,BARANGAN SEGAR,TELUR
2024-07-13,351,119,4.0,TESCO KOTA BHARU,"LOT 1828,SEKSYEN 17,KOTA BHARU",Hypermarket,Kelantan,Kota Bharu,TELUR AYAM GRED B (BERAT 60.0 GM HINGGA 64.9 GM),10 biji,BARANGAN SEGAR,TELUR
2024-07-15,598,119,4.0,SYARIKAT PERNIAGAAN MESRA,"514 ,JALAN DATO' NIK MUSTAFA,TANAH MERAH KELANTAN",Pasar Mini,Kelantan,Tanah Merah,TELUR AYAM GRED B (BERAT 60.0 GM HINGGA 64.9 GM),10 biji,BARANGAN SEGAR,TELUR
2024-07-22,351,118,4.2,TESCO KOTA BHARU,"LOT 1828,SEKSYEN 17,KOTA BHARU",Hypermarket,Kelantan,Kota Bharu,TELUR AYAM GRED A (BERAT 65.0 GM HINGGA 69.9 GM SEBIJI),10 biji,BARANGAN SEGAR,TELUR
2024-07-22,351,119,4.0,TESCO KOTA BHARU,"LOT 1828,SEKSYEN 17,KOTA BHARU",Hypermarket,Kelantan,Kota Bharu,TELUR AYAM GRED B (BERAT 60.0 GM HINGGA 64.9 GM),10 biji,BARANGAN SEGAR,TELUR
2024-07-22,351,120,3.8,TESCO KOTA BHARU,"LOT 1828,SEKSYEN 17,KOTA BHARU",Hypermarket,Kelantan,Kota Bharu,TELUR AYAM GRED C (BERAT 55.0 GM HINGGA 59.9 GM SEBIJI),10 biji,BARANGAN SEGAR,TELUR
2024-07-22,598,119,4.0,SYARIKAT PERNIAGAAN MESRA,"514 ,JALAN DATO' NIK MUSTAFA,TANAH MERAH KELANTAN",Pasar Mini,Kelantan,Tanah Merah,TELUR AYAM GRED B (BERAT 60.0 GM HINGGA 64.9 GM),10 biji,BARANGAN SEGAR,TELUR
2024-07-23,351,118,4.2,TESCO KOTA BHARU,"LOT 1828,SEKSYEN 17,KOTA BHARU",Hypermarket,Kelantan,Kota Bharu,TELUR AYAM GRED A (BERAT 65.0 GM HINGGA 69.9 GM SEBIJI),10 biji,BARANGAN SEGAR,TELUR
2024-07-23,351,119,4.0,TESCO KOTA BHARU,"LOT 1828,SEKSYEN 17,KOTA BHARU",Hypermarket,Kelantan,Kota Bharu,TELUR AYAM GRED B (BERAT 60.0 GM HINGGA 64.9 GM),10 biji,BARANGAN SEGAR,TELUR
2024-07-23,351,120,3.8,TESCO KOTA BHARU,"LOT 1828,SEKSYEN 17,KOTA BHARU",Hypermarket,Kelantan,Kota Bharu,TELUR AYAM GRED C (BERAT 55.0 GM HINGGA 59.9 GM SEBIJI),10 biji,BARANGAN SEGAR,TELUR
2024-07-24,351,119,4.0,TESCO KOTA BHARU,"LOT 1828,SEKSYEN 17,KOTA BHARU",Hypermarket,Kelantan,Kota Bharu,TELUR AYAM GRED B (BERAT 60.0 GM HINGGA 64.9 GM),10 biji,BARANGAN SEGAR,TELUR
2024-07-24,351,120,3.8,TESCO KOTA BHARU,"LOT 1828,SEKSYEN 17,KOTA BHARU",Hypermarket,Kelantan,Kota Bharu,TELUR AYAM GRED C (BERAT 55.0 GM HINGGA 59.9 GM SEBIJI),10 biji,BARANGAN SEGAR,TELUR
2024-07-25,351,119,4.0,TESCO KOTA BHARU,"LOT 1828,SEKSYEN 17,KOTA BHARU",Hypermarket,Kelantan,Kota Bharu,TELUR AYAM GRED B (BERAT 60.0 GM HINGGA 64.9 GM),10 biji,BARANGAN SEGAR,TELUR
2024-07-25,351,120,3.8,TESCO KOTA BHARU,"LOT 1828,SEKSYEN 17,KOTA BHARU",Hypermarket,Kelantan,Kota Bharu,TELUR AYAM GRED C (BERAT 55.0 GM HINGGA 59.9 GM SEBIJI),10 biji,BARANGAN SEGAR,TELUR
2024-07-29,351,119,4.0,TESCO KOTA BHARU,"LOT 1828,SEKSYEN 17,KOTA BHARU",Hypermarket,Kelantan,Kota Bharu,TELUR AYAM GRED B (BERAT 60.0 GM HINGGA 64.9 GM),10 biji,BARANGAN SEGAR,TELUR
2024-07-29,598,119,4.0,SYARIKAT PERNIAGAAN MESRA,"514 ,JALAN DATO' NIK MUSTAFA,TANAH MERAH KELANTAN",Pasar Mini,Kelantan,Tanah Merah,TELUR AYAM GRED B (BERAT 60.0 GM HINGGA 64.9 GM),10 biji,BARANGAN SEGAR,TELUR
2024-07-29,17802,119,4.0,TL MART SDN BHD,"LOT 1697 MUKIM PAYA MENGKUANG,DAERAH PERUPOK, BACHOK,",Pasar Mini,Kelantan,Bachok,TELUR AYAM GRED B (BERAT 60.0 GM HINGGA 64.9 GM),10 biji,BARANGAN SEGAR,TELUR
2024-08-01,382,119,4.0,PASARAYA PKT PASIR TUMBOH,"G6582,LOT 11,KEDAI PASIR TUMBOH,",Pasar Raya / Supermarket,Kelantan,Kota Bharu,TELUR AYAM GRED B (BERAT 60.0 GM HINGGA 64.9 GM),10 biji,BARANGAN SEGAR,TELUR
2024-08-09,351,119,4.0,TESCO KOTA BHARU,"LOT 1828,SEKSYEN 17,KOTA BHARU",Hypermarket,Kelantan,Kota Bharu,TELUR AYAM GRED B (BERAT 60.0 GM HINGGA 64.9 GM),10 biji,BARANGAN SEGAR,TELUR
2024-08-09,351,120,3.8,TESCO KOTA BHARU,"LOT 1828,SEKSYEN 17,KOTA BHARU",Hypermarket,Kelantan,Kota Bharu,TELUR AYAM GRED C (BERAT 55.0 GM HINGGA 59.9 GM SEBIJI),10 biji,BARANGAN SEGAR,TELUR
2024-08-10,351,119,4.0,TESCO KOTA BHARU,"LOT 1828,SEKSYEN 17,KOTA BHARU",Hypermarket,Kelantan,Kota Bharu,TELUR AYAM GRED B (BERAT 60.0 GM HINGGA 64.9 GM),10 biji,BARANGAN SEGAR,TELUR
2024-08-10,351,120,3.8,TESCO KOTA BHARU,"LOT 1828,SEKSYEN 17,KOTA BHARU",Hypermarket,Kelantan,Kota Bharu,TELUR AYAM GRED C (BERAT 55.0 GM HINGGA 59.9 GM SEBIJI),10 biji,BARANGAN SEGAR,TELUR
2024-08-11,351,119,4.0,TESCO KOTA BHARU,"LOT 1828,SEKSYEN 17,KOTA BHARU",Hypermarket,Kelantan,Kota Bharu,TELUR AYAM GRED B (BERAT 60.0 GM HINGGA 64.9 GM),10 biji,BARANGAN SEGAR,TELUR
2024-08-11,351,120,3.8,TESCO KOTA BHARU,"LOT 1828,SEKSYEN 17,KOTA BHARU",Hypermarket,Kelantan,Kota Bharu,TELUR AYAM GRED C (BERAT 55.0 GM HINGGA 59.9 GM SEBIJI),10 biji,BARANGAN SEGAR,TELUR
2024-08-12,351,119,4.0,TESCO KOTA BHARU,"LOT 1828,SEKSYEN 17,KOTA BHARU",Hypermarket,Kelantan,Kota Bharu,TELUR AYAM GRED B (BERAT 60.0 GM HINGGA 64.9 GM),10 biji,BARANGAN SEGAR,TELUR
2024-08-13,351,119,4.0,TESCO KOTA BHARU,"LOT 1828,SEKSYEN 17,KOTA BHARU",Hypermarket,Kelantan,Kota Bharu,TELUR AYAM GRED B (BERAT 60.0 GM HINGGA 64.9 GM),10 biji,BARANGAN SEGAR,TELUR
2024-08-13,351,120,11.4,TESCO KOTA BHARU,"LOT 1828,SEKSYEN 17,KOTA BHARU",Hypermarket,Kelantan,Kota Bharu,TELUR AYAM GRED C (BERAT 55.0 GM HINGGA 59.9 GM SEBIJI),10 biji,BARANGAN SEGAR,TELUR
2024-08-19,598,119,4.0,SYARIKAT PERNIAGAAN MESRA,"514 ,JALAN DATO' NIK MUSTAFA,TANAH MERAH KELANTAN",Pasar Mini,Kelantan,Tanah Merah,TELUR AYAM GRED B (BERAT 60.0 GM HINGGA 64.9 GM),10 biji,BARANGAN SEGAR,TELUR
2024-08-22,382,119,4.0,PASARAYA PKT PASIR TUMBOH,"G6582,LOT 11,KEDAI PASIR TUMBOH,",Pasar Raya / Supermarket,Kelantan,Kota Bharu,TELUR AYAM GRED B (BERAT 60.0 GM HINGGA 64.9 GM),10 biji,BARANGAN SEGAR,TELUR
2024-09-02,598,119,4.0,SYARIKAT PERNIAGAAN MESRA,"514 ,JALAN DATO' NIK MUSTAFA,TANAH MERAH KELANTAN",Pasar Mini,Kelantan,Tanah Merah,TELUR AYAM GRED B (BERAT 60.0 GM HINGGA 64.9 GM),10 biji,BARANGAN SEGAR,TELUR
2024-09-02,17893,119,4.0,TL MART (SELISING) SDN. BHD.,"LOT 3282,KG.SELISING BUKIT JAWA,",Pasar Mini,Kelantan,Pasir Puteh,TELUR AYAM GRED B (BERAT 60.0 GM HINGGA 64.9 GM),10 biji,BARANGAN SEGAR,TELUR
2024-09-09,598,119,4.0,SYARIKAT PERNIAGAAN MESRA,"514 ,JALAN DATO' NIK MUSTAFA,TANAH MERAH KELANTAN",Pasar Mini,Kelantan,Tanah Merah,TELUR AYAM GRED B (BERAT 60.0 GM HINGGA 64.9 GM),10 biji,BARANGAN SEGAR,TELUR
2024-09-12,598,119,4.0,SYARIKAT PERNIAGAAN MESRA,"514 ,JALAN DATO' NIK MUSTAFA,TANAH MERAH KELANTAN",Pasar Mini,Kelantan,Tanah Merah,TELUR AYAM GRED B (BERAT 60.0 GM HINGGA 64.9 GM),10 biji,BARANGAN SEGAR,TELUR
2024-09-23,598,119,4.0,SYARIKAT PERNIAGAAN MESRA,"514 ,JALAN DATO' NIK MUSTAFA,TANAH MERAH KELANTAN",Pasar Mini,Kelantan,Tanah Merah,TELUR AYAM GRED B (BERAT 60.0 GM HINGGA 64.9 GM),10 biji,BARANGAN SEGAR,TELUR
2024-09-26,598,119,4.0,SYARIKAT PERNIAGAAN MESRA,"514 ,JALAN DATO' NIK MUSTAFA,TANAH MERAH KELANTAN",Pasar Mini,Kelantan,Tanah Merah,TELUR AYAM GRED B (BERAT 60.0 GM HINGGA 64.9 GM),10 biji,BARANGAN SEGAR,TELUR
2024-10-07,598,119,4.0,SYARIKAT PERNIAGAAN MESRA,"514 ,JALAN DATO' NIK MUSTAFA,TANAH MERAH KELANTAN",Pasar Mini,Kelantan,Tanah Merah,TELUR AYAM GRED B (BERAT 60.0 GM HINGGA 64.9 GM),10 biji,BARANGAN SEGAR,TELUR
2024-10-18,18670,120,3.8,ECONSAVE CASH & CARRY (KUBANG KERIAN) SDN.BHD,"LOT PT 1640 & PT 1685, SEKSYEN 54,JALAN RAJA PREMPUAN ZAINAB II, MUKIM KENALI, KUBANG KERIAN,16150 KOTA BHARU, KELANTAN.",Hypermarket,Kelantan,Kota Bharu,TELUR AYAM GRED C (BERAT 55.0 GM HINGGA 59.9 GM SEBIJI),10 biji,BARANGAN SEGAR,TELUR
2024-10-19,18670,120,3.8,ECONSAVE CASH & CARRY (KUBANG KERIAN) SDN.BHD,"LOT PT 1640 & PT 1685, SEKSYEN 54,JALAN RAJA PREMPUAN ZAINAB II, MUKIM KENALI, KUBANG KERIAN,16150 KOTA BHARU, KELANTAN.",Hypermarket,Kelantan,Kota Bharu,TELUR AYAM GRED C (BERAT 55.0 GM HINGGA 59.9 GM SEBIJI),10 biji,BARANGAN SEGAR,TELUR
2024-10-20,18670,120,3.8,ECONSAVE CASH & CARRY (KUBANG KERIAN) SDN.BHD,"LOT PT 1640 & PT 1685, SEKSYEN 54,JALAN RAJA PREMPUAN ZAINAB II, MUKIM KENALI, KUBANG KERIAN,16150 KOTA BHARU, KELANTAN.",Hypermarket,Kelantan,Kota Bharu,TELUR AYAM GRED C (BERAT 55.0 GM HINGGA 59.9 GM SEBIJI),10 biji,BARANGAN SEGAR,TELUR
2024-10-21,18670,120,3.8,ECONSAVE CASH & CARRY (KUBANG KERIAN) SDN.BHD,"LOT PT 1640 & PT 1685, SEKSYEN 54,JALAN RAJA PREMPUAN ZAINAB II, MUKIM KENALI, KUBANG KERIAN,16150 KOTA BHARU, KELANTAN.",Hypermarket,Kelantan,Kota Bharu,TELUR AYAM GRED C (BERAT 55.0 GM HINGGA 59.9 GM SEBIJI),10 biji,BARANGAN SEGAR,TELUR
2024-10-28,17893,120,3.8,TL MART (SELISING) SDN. BHD.,"LOT 3282,KG.SELISING BUKIT JAWA,",Pasar Mini,Kelantan,Pasir Puteh,TELUR AYAM GRED C (BERAT 55.0 GM HINGGA 59.9 GM SEBIJI),10 biji,BARANGAN SEGAR,TELUR
